Time,0,1,2,3,4,5,6,7,8,9,10,11,12,13,14,15,16,17,18,19,20,21,22,23,24,25,26,27,28,29,30,31,32,33,34,35,36,37,38,39,40,41,42,43,44,45,46,47,48,49,50,51,52,53,54,55,56,57,58,59,60,61,62,63,64,65,66,67,68,69,70,71,72,73,74,75,76,77,78,79,80,81,82,83,84,85,86,87,88,89,90,91,92,93,94,95,96,97,98,99,100
1950,4985,4745,4538,4362,4212,4086.0000000000005,3979,3889,3814,3749,3696,3655,3602,3529,3443,3362,3285,3210,3140,3074,3007,2943,2878,2815,2753,2691,2630,2573,2521,2471,2423,2374,2322,2265,2205,2144,2083,2021,1960,1897,1833,1771,1703,1626,1544,1465,1385,1313,1253,1200,1148,1097,1050,1006.9999999999999,966,929,893,857,819,780,743,706,673,643,616,588,562,534,501,467,433,399,366,332,298,265,232,203,181,164,147,133,115,89,60,33,6,0,0,0,0,0,0,0,0,0,0,0,0,0,0
1951,5637,4907,4666,4466,4299,4163,4053,3969,3894,3821,3750,3694,3649,3594,3519,3432,3351,3272,3196,3126,3059,2992,2926,2861,2797,2735,2673,2612,2555,2502,2453,2403,2355,2303,2245,2185,2124,2062,2000,1938,1875,1812,1750,1682,1605,1524,1444,1364,1292,1231,1179,1126,1076,1028,984,943,905,867,831,792,753,716,679,644,614,586,559,531,503,470,435,402,368,335,302,271,239,207,180,160,143,128,116,99,76,51,26,5,0,0,0,0,0,0,0,0,0,0,0,0,0
1952,6142,5524,4808,4568,4373,4218,4094.9999999999995,4003.9999999999995,3941,3881,3810,3736,3676,3627,3570,3494,3407,3326,3245,3169,3097,3030,2963,2897,2832,2767,2705,2645,2583,2525,2473,2424,2374,2325,2273,2216,2155,2094,2032,1970,1908,1846,1783,1721,1654,1577,1496,1417,1337,1266,1204,1152,1099,1048,1000.9999999999999,956,915,876,839,802,763,723,685,648,613,582,553,525,497,469,436,402,369,336,304,272,241,212,182,157,138,123,109,96,83,63,42,20,4,0,0,0,0,0,0,0,0,0,0,0,0
1953,6528,5823,5246,4706,4467,4278,4134,4026,3952,3911,3866,3798,3719,3656,3603,3543,3467,3381,3299,3217,3138,3067,3000,2932,2865,2800,2737,2675,2613,2552,2495,2443,2393,2343,2294,2242,2185,2124,2063,2001,1940,1878,1816,1754,1692,1625,1548,1468,1388,1310,1238,1177,1124,1072,1020.9999999999999,974,929,887,847,810,772,733,692,654,616,581,550,520,492,465,435,402,367,335,303,272,241,213,184,158,134,116,102,89,78,66,50,33,13,2,0,0,0,0,0,0,0,0,0,0,0
1954,6812,6079,5475,4986,4606,4367,4186,4051.9999999999995,3958,3901,3882,3853,3787,3703,3637,3582,3518,3442,3356,3273,3190,3110,3038,2970,2903,2836,2771,2707,2644,2583,2523,2466,2413,2364,2314,2264,2211,2154,2094,2033,1971,1910,1848,1787,1724,1663,1596,1521,1439,1361,1283,1211,1150,1097,1045,994,946,901,859,819,781,743,703,662,624,585,550,517,488,458,431,401,369,335,302,270,240,211,184,158,133,111,95,82,70,61,50,38,24,7,2,0,0,0,0,0,0,0,0,0,0
1955,7010,6300,5705,5215,4820,4507,4268,4093,3971,3890,3852,3854,3839,3778,3687,3618,3560,3494,3416,3331,3247,3163,3082,3010,2942,2874,2806,2741,2677,2615,2554,2494,2437,2384,2334,2283,2234,2182,2125,2063,2003,1941,1880,1819,1757,1696,1634,1567,1492,1412,1334,1256,1184,1123,1071,1018.9999999999999,968,919,874,831,790,752,713,673,633,593,554,518,486,455,426,398,368,335,302,269,237,209,180,155,131,108,87,72,61,50,42,34,25,15,0,0,0,0,0,0,0,0,0,0,0
1956,7125,6744,6114,5576,5126,4755,4451,4209,4030.0000000000005,3912,3841,3803,3802,3785,3723,3634,3564,3505,3439,3360,3275,3192,3108,3029,2957,2889,2822,2756,2691,2627,2566,2506,2445,2388,2336,2287,2236,2187,2135,2078,2019.0000000000002,1959,1897,1836,1776,1714,1653,1592,1525,1451,1372,1295,1217,1146,1086,1034,981,931,882,838,794,753,715,676,636,597,557,519,484,451,421,392,364,335,304,272,241,211,184,158,135,114,93,75,62,52,43,35,28,20,13,0,0,0,0,0,0,0,0,0,0
1957,7206,6648,6496,5942,5461,5048,4700,4407,4159,3976,3863,3800,3763,3759,3739,3677,3588,3518,3458,3391,3313,3228,3145,3061,2983,2910,2844,2777,2711,2646,2583,2523,2462,2403,2347,2294,2244,2194,2145,2093,2037,1977,1918,1858,1796,1736,1676,1614,1553,1487,1413,1335,1258,1182,1111,1051,998,947,896,848,803,760,719,680,642,601,561,523,485,450,418,388,359,331,303,272,242,214,186,160,137,116,96,79,63,51,42,34,29,23,17,10,0,0,0,0,0,0,0,0,0
1958,7267,6804,6374,6253,5776,5350,4975,4650,4366,4112,3925,3816,3762,3727,3720,3696,3633,3546,3475,3415,3347,3268,3183,3101,3017,2938,2867,2800,2735,2669,2605,2542,2482,2421,2362,2306,2253,2204,2154,2105,2053,1997,1938,1879,1819,1759,1699,1638,1576,1516,1450,1377,1300,1223,1147,1077,1018,965,913,863,815,769,726,685,646,607,567,527,489,452,417,384,355,326,298,271,242,213,186,160,136,116,97,80,64,50,40,33,27,22,18,13,7,0,0,0,0,0,0,0,0
1959,7323,6947,6577,6216,6009,5607,5239,4902,4600,4324,4066,3875,3769,3723,3690,3679,3653,3590,3503,3432,3370,3301,3223,3138,3055,2973,2893,2823,2757,2691,2626,2563,2500,2440,2380,2321,2265,2212,2163,2113,2064,2013,1958,1899,1840,1781,1720,1660,1600,1539,1478,1413,1340,1263,1188,1112,1043,983,931,879,828,780,735,691,650,611,572,532,493,455,418,383,352,322,293,266,239,211,184,158,134,112,94,77,63,50,38,29,24,18,15,13,8,5,0,0,0,0,0,0,0
1960,7390,7078,6754,6424,6091,5761,5437,5124,4826,4547,4280,4017.0000000000005,3821,3721,3684,3652,3637,3609,3544,3459,3387,3324,3254,3175,3092,3009,2926,2847,2777,2711,2646,2582,2519,2458,2397,2338,2279,2223,2171,2122,2072,2023.0000000000002,1972,1916,1858,1800,1741,1681,1621,1562,1501,1440,1375,1303,1226,1151,1076,1008,949,896,844,794,746,701,656,615,576,538,498,458,420,385,351,319,289,260,233,207,181,155,131,108,88,72,59,45,35,25,19,15,11,9,8,5,2,0,0,0,0,0,0
1961,7473,7194,6891,6583,6271,5959,5653,5355,5061,4770,4489,4222,3958,3762,3661,3625,3594,3578,3548,3485,3399,3328,3265,3196,3119,3035,2953,2871,2794,2724,2660,2595,2531,2469,2408,2348,2288,2230,2175,2123,2075,2025,1977,1925,1870,1813,1755,1696,1637,1577,1517,1456,1396,1332,1260,1185,1110,1036,968,909,857,805,756,708,663,620,579,541,502,463,425,388,352,319,289,261,233,208,183,159,136,114,94,76,62,50,38,29,22,16,12,8,8,6,4,1,0,0,0,0,0
1962,7590,7304,7001,6708,6414,6121,5830,5546,5275,5001,4715,4433,4165,3900,3703,3603,3569,3537,3520,3491,3426,3342,3271,3207,3139,3062,2980,2899,2819,2742,2672,2608,2545,2481,2419,2358,2299,2241,2183,2127,2077,2028,1979,1931,1880,1825,1768,1710,1652,1593,1533,1474,1413,1353,1289,1218,1143,1069,996,929,871,818,768,718,670,627,584,542,505,467,428,391,355,321,289,259,233,207,183,159,137,116,97,80,64,51,40,31,23,17,13,10,7,6,5,3,1,0,0,0,0
1963,7737,7426,7116,6813,6530,6251,5976,5706,5445,5200,4944,4665,4381,4112,3846,3648,3548,3515,3483,3466,3435,3371,3287,3216,3153,3085,3009,2927,2848,2767,2691,2623,2559,2495,2433,2372,2311,2252,2194,2137,2082,2031.0000000000002,1983,1934,1886,1836,1782,1724,1667,1609,1550,1490,1431,1371,1312,1247,1177,1103,1029,957,890,832,781,730,681,634,589,547,507,470,433,395,358,323,290,258,230,205,181,157,137,116,98,80,64,52,40,32,24,18,13,10,7,5,4,3,2,1,0,0,0
1964,7903,7560,7232,6919,6636,6362,6098,5840,5589,5351,5133,4895,4622,4335,4065.0000000000005,3797,3598,3498,3466,3435,3416,3385,3321,3237,3166,3103,3035,2960,2879,2800,2721,2645,2577,2514,2451,2388,2328,2268,2209,2151,2094,2040,1989,1941,1894,1846,1795,1742,1683,1626,1569,1509,1451,1391,1330,1271,1208,1137,1063,991,919,853,795,744,693,644,598,555,513,473,435,398,362,325,292,259,228,202,177,155,133,113,95,78,64,50,38,30,23,16,13,10,7,5,3,3,2,1,0,0,0
1965,8077.999999999999,7710,7368,7048,6749,6469,6205,5953,5713,5482,5267,5073,4853,4586,4296,4024,3755,3553,3454,3423,3391,3372,3340,3276,3192,3122,3058,2990,2915,2835,2757,2678,2603,2535,2473,2410,2348,2288,2228,2170,2111,2055,2000,1951,1902,1855,1807,1758,1703,1646,1589,1530,1472,1412,1353,1293,1233,1169,1100,1026,955,883,817,760,709,658,610,563,519,477,439,402,365,329,293,260,228,199,174,150,129,109,91,74,60,47,36,26,19,14,9,7,5,3,2,1,1,1,0,0,0
1966,8210,7873,7530,7210,6913,6634,6373,6128,5890,5656,5425,5209,5014,4793,4528,4242,3972,3703,3503,3403,3372,3342,3322,3290,3226,3143,3073,3010,2943,2868,2789,2711,2633,2559,2492,2430,2367,2306,2245,2186,2128,2070,2013.9999999999998,1959,1910,1861,1813,1766,1716,1662,1604,1547,1489,1430,1370,1311,1251,1191,1127,1058,985,914,843,779,722,671,622,574,528,485,444,405,370,334,299,266,234,204,177,153,131,111,94,78,64,51,40,30,22,16,12,8,6,5,3,2,1,1,0,0,0
1967,8364,7969,7687,7367,7069,6793,6535,6293,6065,5841,5612,5381,5164,4967,4744,4480,4196,3927,3660,3460,3361,3331,3299,3279,3248,3184,3101,3032,2969,2902,2828,2749,2672,2593,2520,2453,2391,2329,2268,2208,2148,2090,2033,1977,1923,1873,1825,1776,1729,1678,1624,1566,1509,1450,1391,1332,1271,1211,1152,1088,1018.9999999999999,947,877,806,741,685,635,587,539,495,452,412,374,338,304,271,239,208,181,155,133,113,95,80,65,53,43,33,24,18,13,9,6,5,3,3,1,1,0,0,0
1968,8534,8131,7767,7511,7213,6939,6683,6445,6221,6011,5799,5575,5344,5125,4925,4702,4438,4156,3889,3622,3422,3323,3292,3260,3240,3209,3146,3063,2993,2932,2865,2791,2713,2635,2558,2485,2418,2356,2294,2233,2172,2114,2056,2000,1943,1889,1839,1790,1742,1694,1643,1588,1531,1473,1414,1355,1295,1234,1174,1114,1050,981,910,840,770,706,650,601,552,506,462,419,380,342,308,275,243,212,184,157,134,113,95,80,66,53,43,33,26,19,14,11,7,5,3,3,2,1,0,0,0
1969,8712,8299,7928,7593,7337,7063,6811,6576,6357,6152,5960,5761,5540,5309,5089,4886,4661,4397,4118,3852,3585,3385,3286,3255,3223,3203,3172,3109,3026,2958,2896,2830,2756,2678,2601,2524,2451,2384,2322,2260,2199,2139,2081,2023.0000000000002,1966,1910,1856,1806,1757,1708,1659,1609,1553,1496,1437,1379,1318,1258,1198,1137,1076,1012.9999999999999,944,873,803,733,670,615,566,518,472,429,387,348,312,277,245,214,185,158,134,112,93,78,64,52,41,32,24,18,13,10,8,5,3,2,2,1,0,0,0
1970,8892,8469,8089,7747,7439,7163,6911,6681,6468,6268,6081,5908,5720,5506,5272,5053,4847,4619,4357,4080,3815,3548,3348,3249,3218,3186,3166,3135,3072,2990,2921,2860,2793,2721,2642,2566,2489,2416,2349,2288,2226,2165,2105,2047.0000000000002,1989,1933,1877,1822,1772,1723,1674,1626,1574,1518,1460,1401,1342,1283,1222,1161,1099,1039,975,906,836,766,698,635,579,531,484,438,395,355,316,280,247,216,186,159,134,110,91,74,60,48,37,29,22,16,11,7,6,4,2,1,1,0,0,0,0
1971,9030,8675,8282,7927,7609,7322,7063,6828,6609,6401,6202,6014,5840,5652,5437,5207,4988,4783,4556,4296,4022.0000000000005,3759,3496,3298,3201,3170,3138,3118,3086,3024,2942,2874,2814,2748,2675,2598,2521,2445,2372,2307,2245,2183,2123,2064,2005,1948,1892,1835,1781,1730,1681,1632,1583,1531,1475,1417,1358,1298,1238,1178,1116,1054,994,930,863,793,726,658,596,542,495,448,404,362,323,287,252,221,192,165,140,117,96,78,63,51,41,31,24,18,13,9,6,5,3,2,1,0,0,0,0
1972,9175,8732,8465,8099,7771,7476,7210,6968,6748,6541,6338,6139,5952,5776,5586,5372,5145,4926,4722,4497,4239,3967,3707,3445,3250,3153,3122,3091,3072,3041,2978,2897,2829,2769,2704,2631,2554,2478,2403,2330,2265,2203,2143,2082,2023.0000000000002,1965,1907,1851,1795,1741,1689,1640,1591,1541,1489,1433,1374,1315,1255,1195,1134,1072,1010.9999999999999,951,887,820,751,684,619,558,505,459,414,371,330,293,257,225,196,169,143,120,100,82,65,53,42,33,26,19,14,11,7,5,4,3,1,0,0,0,0
1973,9358,8902,8495,8270,7933,7630,7357,7110,6885,6682,6485,6287,6089,5901,5721,5530,5317,5091,4874,4669,4446,4189,3919,3661,3401,3207,3111,3081,3050,3031,3000,2938,2858,2790,2729,2664,2592,2515,2440,2364,2293,2228,2167,2106,2045.9999999999998,1987,1929,1872,1814,1758,1704,1652,1603,1552,1502,1449,1393,1334,1274,1214,1154,1092,1031,969,908,846,779,711,646,581,522,470,424,380,338,299,262,230,199,171,146,123,102,84,67,53,43,34,26,19,16,11,8,5,3,3,2,1,0,0,0
1974,9620,9146,8722,8342,8102,7792,7513,7262,7033,6826,6636,6449,6256,6058,5868,5685,5491,5279,5055,4837,4632,4408,4152,3884,3627,3369,3175,3080,3050,3019,3000,2969,2908,2827,2759,2698,2633,2561,2485,2410,2334,2262,2198,2137,2076,2016,1957,1899,1841,1783,1727,1672,1621,1570,1519,1469,1416,1358,1298,1238,1178,1117,1054,993,931,869,807,741,674,608,544,486,435,391,347,306,269,234,202,173,147,123,102,83,68,53,41,32,24,19,14,11,8,5,3,3,2,1,0,0,0
1975,9981,9483,9036,8637,8281,7963,7678,7423,7192,6982,6790,6616,6438,6247,6048,5857,5670,5474,5260,5036,4819,4612,4387,4131,3863,3606,3348,3154,3059,3029,2998,2980,2949,2887,2806,2739,2677,2612,2540,2463,2388,2312,2240,2176,2114,2054,1994,1934,1876,1817,1760,1702,1647,1594,1543,1491,1440,1386,1328,1267,1206,1145,1083,1020,957,895,833,770,704,638,574,510,453,402,358,316,276,239,205,175,148,122,101,82,66,52,39,29,22,16,11,8,6,4,3,1,1,1,0,0,0
1976,10328,9876,9403,8978,8599,8258,7956,7684,7437,7209,6997,6802,6623,6442,6249,6049,5856,5667,5469,5254,5028,4810,4603,4377,4122,3855,3598,3341,3148,3052,3021,2989,2970,2938,2876,2794,2725,2664,2599,2526,2449,2374,2297,2225,2159,2098,2035.0000000000002,1975,1914,1855,1796,1738,1679,1623,1568,1516,1463,1410,1355,1296,1234,1172,1109,1047,983,920,857,794,732,667,602,539,476,420,371,329,287,249,215,183,155,130,108,88,71,57,44,34,25,19,14,9,7,6,4,2,1,1,0,0,0
1977,10771,10218,9807,9356,8953,8591,8267,7977,7719,7479,7252,7037,6839,6655,6469,6274,6072,5876,5685,5484,5267,5040,4821,4612,4384,4128,3861,3604,3346,3153,3056,3024,2991,2970,2937,2875,2793,2723,2661,2594,2521,2444,2367,2291,2218,2151,2089,2025.9999999999998,1964,1902,1841,1782,1722,1662,1605,1548,1495,1440,1386,1330,1268,1205,1142,1078,1014.9999999999999,951,886,822,760,697,632,567,505,444,389,341,300,261,224,192,162,136,113,93,75,60,47,36,27,21,16,11,7,6,4,3,1,1,0,0,0
1978,11275,10687,10160,9751,9322,8939,8594,8286,8009,7762,7530,7305,7087,6885,6695,6505,6307,6104,5904,5709,5505,5286,5058,4836,4626,4397,4140,3871,3614,3356,3161,3064,3031,2997,2975,2940,2877,2794,2724,2661,2594,2519,2441,2364,2287,2213,2146,2081,2017.9999999999998,1955,1892,1830,1768,1708,1647,1587,1531,1475,1419,1363,1305,1243,1178,1113,1048,983,919,853,788,726,662,598,533,472,412,358,312,272,234,200,169,141,117,96,77,62,49,38,29,22,16,12,8,6,4,3,2,1,0,0,0
1979,11787,11165,10605,10102,9682,9276,8913,8587,8294,8031.000000000001,7796,7573,7349,7128,6922,6728,6532,6331,6127,5926,5727,5520,5300,5069,4845,4634,4404,4146,3877,3620,3361,3167,3068,3034,2998,2975,2941,2876,2792,2721,2658,2589,2514,2436,2359,2280,2205,2137,2072,2008,1944,1880,1817,1754,1692,1630,1569,1511,1454,1397,1339,1279,1216,1149,1083,1018,951,885,819,754,690,626,562,500,438,380,326,281,244,207,175,145,120,98,79,63,49,38,29,21,16,12,9,6,3,3,2,1,0,0,0
1980,12274,11616,11024,10492,10015,9588,9206,8864,8557,8281,8032.999999999999,7811,7594,7373,7151,6941,6742,6543,6340,6134,5931,5730,5521,5299,5067,4843,4630,4399,4142,3873,3616,3358,3164,3065,3029,2992,2967,2932,2867,2783,2712,2647,2579,2503,2425,2346,2268,2192,2123,2058,1992,1927,1863,1799,1734,1672,1609,1547,1487,1428,1370,1311,1250,1185,1117,1050,984,916,850,782,717,653,590,526,464,403,346,294,251,214,180,148,122,98,78,61,48,36,27,20,14,9,8,5,3,1,1,1,0,0,0
1981,12810,12119,11493,10925,10415,9956,9544,9173,8840,8537,8260,8010.999999999999,7785,7566,7344,7122,6912,6710,6511,6307,6101,5899,5697,5489,5266,5037,4813,4601,4372,4115,3847,3591,3334,3140,3041,3005,2968,2943,2908,2841,2757,2686,2621,2552,2476,2397,2318,2239,2164,2094,2028,1961,1895,1830,1765,1700,1636,1572,1509,1448,1389,1329,1269,1207,1141,1073,1004.9999999999999,938,871,804,738,673,610,548,487,426,369,315,266,225,191,159,131,105,85,68,53,41,31,23,17,11,8,6,4,3,1,1,0,0,0
1982,13318,12580,11936,11340,10801,10315,9874,9477,9119,8794,8495,8220,7969,7742,7521,7297,7076,6865,6663,6462,6259,6054,5852,5651,5443,5223,4994,4772,4561,4333,4078.0000000000005,3812,3557,3301,3109,3010,2973,2936,2911,2876,2810,2725,2654,2589,2520,2444,2364,2285,2206,2130,2059,1993,1926,1860,1793,1728,1662,1596,1532,1468,1407,1345,1284,1224,1161,1094,1025,958,890,824,757,691,628,565,505,445,388,333,281,235,198,167,138,112,90,71,56,43,33,25,19,13,9,6,5,3,2,1,0,0,0
1983,13790,13021,12325,11739,11176,10665,10201,9781,9400,9056,8739,8445,8170.999999999999,7919,7689,7466,7243,7022,6812,6609,6408,6204,6001,5798,5599,5392,5173,4945,4725,4516,4290,4035.9999999999995,3772,3519,3266,3073,2976,2938,2902,2877,2840,2774,2690,2619,2554,2485,2409,2329,2250,2170,2094,2023.0000000000002,1956,1888,1821,1754,1687,1621,1555,1490,1425,1363,1301,1239,1177,1114,1046,978,909,842,775,709,644,580,520,460,403,348,297,248,205,170,142,117,93,74,58,45,33,25,20,14,9,6,4,3,3,1,0,0,0
1984,14227,13446,12735,12088,11545,11015,10532,10091,9690,9326,8994,8686,8397,8122.999999999999,7872,7639,7414,7191,6971,6760,6557,6355,6152,5949,5747,5548,5343,5124,4899,4680,4473,4248,3996,3733,3482,3231,3040,2942,2905,2868,2843,2806,2740,2656,2584,2519,2450,2374,2294,2215,2135,2058,1987,1919,1851,1783,1716,1648,1581,1514,1449,1383,1319,1256,1193,1131,1066,999,930,861,794,728,661,597,534,474,416,362,310,261,215,175,143,118,95,75,58,45,33,25,19,14,11,6,4,3,3,1,1,0,0
1985,14626,13859,13153,12505,11910,11365,10866,10410,9993,9611,9261,8942,8643,8357,8086,7833,7597,7370,7146,6927,6716,6511,6308,6106,5903,5702,5504,5299,5082,4857,4640,4434,4210,3960,3700,3449,3199,3010,2912,2875,2837,2812,2774,2708,2625,2553,2488,2418,2341,2261,2182,2102,2024,1953,1884,1816,1748,1680,1611,1543,1475,1408,1342,1278,1213,1149,1086,1020.9999999999999,953,883,815,747,681,614,551,490,430,373,321,272,226,182,145,116,94,74,56,43,31,23,15,11,9,6,3,1,1,1,1,0,0
1986,14931,14391,13678,13014,12395,11821,11288,10793,10338,9926,9550,9202,8882,8581,8296,8026,7773,7537,7309,7086,6867,6657,6454,6252,6050,5849,5650,5452,5249,5034,4810,4594,4389,4168,3919,3660,3411,3163,2974,2877,2840,2802,2777,2739,2673,2588,2516,2450,2380,2303,2223,2142,2061,1984,1912,1842,1773,1703,1635,1566,1497,1429,1360,1294,1228,1163,1098,1034,969,901,831,763,696,631,567,506,446,389,335,287,242,200,159,126,100,80,62,48,36,26,18,12,9,7,5,3,1,1,1,0,0
1987,15202,14552,14179,13519,12895,12306,11752,11229,10736,10283,9875,9505,9158,8835,8533,8248,7978,7726,7488,7260,7037,6819,6610,6406,6205,6004,5804,5605,5411,5207,4993,4771,4556,4352,4131,3883,3626,3379,3132,2944,2847,2810,2772,2745,2708,2640,2555,2483,2416,2345,2268,2187,2106,2025,1947,1873,1803,1733,1663,1593,1523,1453,1384,1314,1246,1179,1114,1048,984,918,850,781,713,647,583,521,461,404,349,299,253,212,173,137,108,84,67,51,39,30,22,15,10,8,6,4,2,1,1,0,0
1988,15447,14880,14320,13980,13373,12790,12229,11694,11181,10690,10238,9835,9470,9124,8799,8494,8208,7939,7686,7447,7219,6995,6778,6568,6365,6165,5965,5766,5568,5374,5171,4958,4736,4522,4319,4098,3852,3597,3350,3104,2917,2820,2782,2743,2717,2678,2611,2526,2452,2385,2313,2236,2154,2072,1990,1911,1837,1766,1694,1624,1553,1482,1410,1340,1270,1201,1133,1067,1000,935,870,801,732,664,599,535,475,417,362,311,263,220,182,148,115,89,69,54,41,30,23,17,12,7,6,4,3,1,1,0,0
1989,15677,15192,14694,14187,13789,13234,12689,12158,11641,11139,10649,10198,9799,9438,9093,8765,8459,8172.000000000001,7904,7650,7410,7180,6956,6740,6530,6327,6127,5928,5729,5533,5339,5138,4924,4704,4490,4288,4069,3823,3568,3323,3077,2891,2794,2756,2717,2689,2651,2582,2497,2422,2354,2282,2204,2122,2039.0000000000002,1956,1876,1801,1730,1657,1585,1513,1441,1369,1297,1226,1156,1088,1020,953,887,820,752,682,615,550,488,429,374,321,271,226,187,153,122,94,71,54,41,29,22,17,12,8,5,4,3,2,1,0,0
1990,15906,15488,15043,14577,14094,13599,13097,12591,12088,11590,11098,10610,10159,9763,9409,9064,8733,8424,8137,7868,7615,7374,7142,6919,6702,6493,6291,6090,5892,5694,5498,5305,5104,4892,4673,4459,4257,4038.0000000000005,3794,3540,3296,3051,2865,2768,2730,2690,2662,2623,2555,2468,2393,2324,2252,2172,2089,2005.9999999999998,1923,1842,1766,1693,1619,1546,1474,1400,1327,1254,1183,1111,1041,973,904,838,771,702,633,566,502,440,383,330,280,231,190,154,123,96,72,52,37,27,18,14,11,7,4,3,2,1,1,0,0
1991,16104,15770,15359,14925,14473,14005,13526,13043,12551,12051,11551,11059,10568,10116,9720,9366,9021,8689,8380,8093,7825,7571,7331,7100,6878,6661,6453,6252,6053,5855,5657,5461,5268,5069,4857,4638,4425,4223,4006,3762,3509,3266,3023,2838,2740,2701,2661,2631,2591,2521,2434,2358,2288,2214,2134,2050,1966,1882,1801,1723,1649,1574,1500,1425,1351,1277,1203,1131,1059,989,919,851,785,718,652,583,520,457,398,344,295,248,204,166,133,106,82,61,44,32,23,15,11,9,6,3,2,1,1,0,0
1992,16309.000000000002,15974,15643,15240,14817,14378,13924,13462,12997,12518,12021,11520,11024,10532,10079,9683,9328,8983,8651,8341,8053.000000000001,7786,7533,7292,7062,6841,6625,6418,6217,6018,5820,5622,5428,5235,5036,4825,4606,4393,4192,3975,3733,3481,3239,2996,2811,2713,2672,2631,2601,2560,2489,2402,2324,2254,2178,2097,2012,1927,1842,1759,1681,1605,1529,1454,1379,1303,1227,1153,1080,1008,937,867,798,733,667,600,535,472,412,356,305,260,217,176,142,113,89,67,49,36,26,18,12,9,7,5,3,1,1,0,0
1993,16527,16209,15862,15520,15124,14712,14285,13846,13400,12954,12488,11995,11490,10994,10499,10044,9647,9293,8948,8614,8303,8016.999999999999,7749,7496,7256,7026,6805,6590,6383,6183,5985,5787,5591,5395,5204,5004,4793,4575,4364,4162,3945,3704,3453,3212,2969,2784,2686,2645,2604,2572,2530,2458,2370,2291,2219,2143,2061,1974,1889,1803,1718,1639,1562,1485,1409,1332,1255,1179,1103,1029,956,885,815,746,680,615,549,486,425,367,314,266,225,185,148,118,93,72,54,39,28,20,14,9,7,6,3,2,1,0,0
1994,16770,16451,16111.999999999998,15755,15397,15008,14607,14194,13769,13339,12912,12459,11970,11462,10964,10467,10009,9612,9259,8913,8578,8267,7979,7712,7459,7219,6990,6769,6555,6349,6149,5952,5755,5558,5363,5172,4973,4762,4545,4334,4132,3916,3675,3425,3184,2944,2759,2660,2618,2575,2543,2500,2428,2338,2258,2185,2107,2024,1937,1851,1763,1678,1597,1519,1440,1362,1285,1207,1130,1054,979,906,833,762,694,628,563,499,437,379,322,272,228,190,154,121,94,72,55,39,28,21,15,9,6,4,3,3,1,0,0
1995,17043,16706,16361,16007.000000000002,15644,15272,14891,14500,14099,13689,13277,12867,12427,11942,11432,10931,10432,9973,9575,9223,8876,8541,8228,7941,7674,7421,7182,6953,6732,6519,6313,6115,5918,5722,5525,5330,5139,4940,4731,4513,4302,4102,3886,3646,3396,3157,2917,2732,2634,2590,2547,2514,2469,2396,2304,2224,2151,2072,1987,1899,1811,1723,1637,1555,1476,1396,1317,1238,1159,1081,1002.9999999999999,928,854,781,710,641,575,511,448,389,332,277,230,189,154,122,93,70,52,37,25,17,13,9,4,3,3,1,1,0,0
1996,17364,16925,16585,16242.999999999998,15898,15548,15194,14834,14458,14062,13647,13232,12821,12379,11893,11384,10883,10384,9924,9527,9175,8829,8494,8183,7897,7631,7380,7141,6913,6693,6480,6274,6076,5880,5683,5486,5293,5102,4904,4694,4477,4266,4065.0000000000005,3850,3611,3362,3123,2884,2700,2600,2556,2511,2477,2430,2356,2263,2182,2106,2027.0000000000002,1940,1851,1763,1672,1586,1502,1422,1341,1262,1182,1103,1022.9999999999999,946,871,797,725,656,589,525,463,403,347,295,245,201,164,133,104,79,59,44,31,21,14,11,7,4,3,1,1,0,0
1997,17718,17289,16800,16458,16120.000000000002,15784,15447,15110,14772,14412,14019,13599,13182,12768,12326,11840,11332,10831,10331,9871,9474,9124,8779,8445,8135,7849,7585,7334,7097,6870,6650,6438,6233,6036,5839,5643,5447,5253,5062,4864,4656,4439,4229,4027.9999999999995,3813,3575,3327,3089,2850,2666,2566,2520,2475,2439,2391,2315,2222,2139,2061,1980,1893,1803,1713,1622,1534,1449,1368,1286,1205,1125,1045,966,888,813,740,670,602,536,473,414,359,306,257,212,172,138,111,86,65,49,36,25,17,11,9,6,3,1,1,0,0
1998,18092,17599,17147,16671,16327.000000000002,15993,15667,15343,15023,14707,14362,13972,13550,13130,12715,12269,11784,11277,10776,10276,9817,9421,9072,8727,8394,8085.000000000001,7801,7537,7287,7052,6826,6607,6395,6191,5993,5798,5602,5406,5212,5022,4824,4616,4400,4190,3990,3776,3538,3291,3054,2816,2632,2531,2484,2437,2400,2351,2273,2180,2095,2016,1933,1845,1754,1662,1571,1482,1396,1312,1231,1149,1068,988,908,830,755,683,614,547,483,422,366,313,265,220,179,143,113,90,68,51,39,28,19,12,9,6,4,3,1,0,1
1999,18463,17913,17417,16969,16541,16193.999999999998,15864,15547,15237,14934,14641,14311,13924,13497,13076,12659,12213,11727,11221,10722,10221,9762,9365,9018,8674,8342,8035,7751,7489,7241,7006,6781,6563,6351,6147,5950,5755,5560,5365,5171,4981,4784,4575,4360,4151,3952,3738,3500,3255,3018,2781,2598,2496,2448,2399,2361,2311,2232,2137,2051,1971,1886,1797,1704,1612,1520,1429,1343,1258,1175,1093,1010.9999999999999,930,850,773,698,626,558,492,430,371,318,268,224,183,145,114,89,69,50,37,28,20,12,8,6,4,3,1,1,1
2000,18819,18224,17694,17220,16795,16411,16059.000000000002,15734,15427,15129,14844,14573,14259,13876,13445,13022,12603,12155,11670,11165,10666,10165,9705,9310,8963,8622,8290,7984,7701,7440,7193,6959,6736,6518,6307,6104,5907,5713,5517,5322,5130,4940,4743,4535,4320,4112,3913,3699,3463,3218,2982,2746,2563,2461,2411,2362,2322,2271,2190,2093,2005.9999999999998,1925,1839,1749,1656,1562,1468,1376,1289,1204,1119,1036,954,872,792,715,640,569,501,438,377,320,269,223,183,146,112,84,64,48,32,23,18,12,6,3,3,2,1,1,1
2001,19153,18611,18051,17549,17097,16689,16315.999999999998,15972,15652,15347,15053,14768,14494,14179,13796,13366,12942,12523,12075,11591,11088,10591,10092,9635,9242,8897,8558,8228,7923,7642,7382,7137,6904,6680,6464,6253,6051,5854,5660,5466,5270,5079,4888,4692,4484,4270,4061,3862,3650,3414,3171,2935,2700,2517,2414,2364,2313,2271,2218,2137,2037.9999999999998,1949,1866,1779,1687,1593,1498,1405,1312,1224,1139,1054,971,890,809,731,656,583,515,450,391,335,282,235,194,158,124,96,72,54,40,27,18,15,10,6,3,2,1,1,1
2002,19474,18843,18405,17880,17405,16975,16583,16222.000000000002,15886,15570,15270,14978,14693,14417,14100,13716,13287,12864,12444,11996,11514,11013,10517,10021,9566,9175,8832,8494,8167,7864,7585,7325,7080,6848,6625,6410,6200,5997,5802,5608,5413,5219,5027,4838,4641,4434,4220,4011,3813,3600,3365,3123,2890,2655,2473,2368,2316,2263,2220,2165,2082,1982,1892,1807,1719,1627,1530,1435,1340,1248,1159,1073,989,905,825,746,670,596,527,461,400,344,292,244,201,164,133,103,78,60,44,32,21,15,12,9,4,3,1,1,1
2003,19794,19164,18595,18201,17711,17264,16856,16480,16131,15802,15491,15194,14905,14619,14342,14023,13640,13211,12787,12367,11920,11438,10939,10445,9950,9497,9109,8768,8432,8106.999999999999,7805,7528,7270,7024,6793,6572,6356,6147,5945,5750,5557,5362,5168,4976,4788,4591,4384,4171,3962,3763,3551,3318,3076,2844,2610,2428,2323,2269,2214,2169,2113,2028,1927,1835,1749,1659,1565,1468,1373,1277,1184,1095,1008,923,841,760,683,608,537,469,407,350,298,250,206,167,135,107,81,62,47,34,24,15,11,9,6,3,1,1,1
2004,20136,19506,18931,18407,18001,17545,17126,16739,16379.999999999998,16042.000000000002,15720,15415,15122,14834,14548,14269,13948,13564,13136,12713,12292,11844,11364,10868,10375,9883,9432,9044,8705,8371,8048.999999999999,7749,7472,7214,6971,6740,6519,6304,6096,5894,5699,5506,5313,5118,4927,4738,4542,4335,4121,3914,3715,3503,3271,3030,2798,2566,2384,2278,2222,2165,2119,2060,1975,1872,1778,1691,1599,1504,1407,1310,1213,1120,1029,943,858,776,697,621,547,478,412,353,299,251,208,167,133,104,82,60,45,34,25,16,10,7,6,4,2,1,1
2005,20512,19876,19291,18754,18260,17803,17382,16991,16625,16283.000000000002,15957,15642,15340,15051,14766,14480,14199,13876,13492,13065,12640,12219,11771,11292,10797,10307,9816,9367,8982,8644,8312,7992,7693,7417,7161,6918,6688,6468,6253,6045,5844,5650,5457,5264,5069,4878,4689,4494,4287,4074,3866,3667,3455,3224,2984,2754,2521,2340,2232,2176,2117,2069,2009,1921,1817,1721,1632,1540,1444,1345,1247,1151,1057,965,878,794,711,632,557,487,420,356,299,248,205,166,129,99,75,57,39,27,21,15,9,4,3,3,2,1,1
2006,20902,20313,19704,19143,18624,18145,17702,17290,16906,16545,16203,15877,15560,15257,14967,14682,14395,14113,13790,13406,12980,12557,12137,11690,11215,10722,10234,9746,9300,8916,8580,8249,7930,7633,7358,7103,6860,6631,6411,6197,5989,5788,5594,5401,5207,5013,4821,4632,4436,4230,4016,3808,3609,3397,3166,2928,2698,2467,2285,2178,2118,2058,2007.0000000000002,1945,1856,1749,1654,1563,1470,1372,1274,1176,1079,986,897,811,729,649,572,501,435,372,314,261,216,177,141,110,84,64,48,32,23,18,13,7,3,3,2,1,1
2007,21322,20655,20122,19540,19000,18501,18037,17607,17205,16828,16470,16129.999999999998,15803,15484,15179,14888,14603,14316,14031,13708,13325,12900,12478,12059,11615,11140,10651,10166,9680,9235,8855,8519,8189.999999999999,7871,7575,7302,7047,6805,6577,6357,6143,5935,5735,5539,5347,5153,4958,4766,4576,4380,4174,3959,3751,3551,3340,3110,2873,2644,2414,2233,2123,2061,1999,1946,1882,1791,1683,1586,1494,1400,1301,1202,1104,1008.9999999999999,915,828,745,664,587,514,446,384,325,272,223,183,149,117,91,70,53,38,26,18,15,10,6,3,2,1,1
2008,21766,21079,20443,19937,19380,18864,18383,17935,17517,17125,16754,16400,16061,15734,15413,15105,14814,14529,14240,13954,13630,13247,12824,12403,11985,11543,11070,10583,10100,9617,9175,8794,8461,8132.999999999999,7816,7521,7248,6993,6752,6523,6304,6091,5882,5681,5487,5293,5100,4905,4712,4522,4325,4118,3904,3695,3496,3284,3055,2819,2591,2362,2180,2069,2005,1941,1886,1819,1727,1618,1519,1425,1329,1231,1131,1034,939,846,760,678,599,524,454,391,332,279,229,186,150,121,93,71,55,42,29,18,14,11,7,4,2,1,1
2009,22221,21521,20869,20264,19756,19226,18732,18270,17837,17430,17049,16685,16334,15996,15668,15345,15036,14743,14458,14168,13880,13555,13173,12750,12331,11914,11473,11002,10517,10037,9555,9115,8737,8405,8077,7762,7468,7195,6941,6701,6472,6253,6040,5831,5631,5436,5242,5048,4852,4659,4469,4271,4064,3849,3641,3441,3230,3000,2765,2538,2309,2128,2016,1949,1883,1826,1758,1663,1553,1451,1357,1261,1161,1061,964,868,777,692,612,535,462,395,335,282,232,187,149,118,92,69,51,40,29,20,12,9,7,5,3,1,1
2010,22677,21970,21310,20694,20118,19580,19076,18603,18160,17742,17349,16976,16618,16271,15934,15606,15280,14969,14675,14389,14098,13810,13482,13101,12680,12261,11844,11405,10936,10453,9975,9497,9058,8681,8350,8023.999999999999,7709,7416,7144,6890,6650,6422,6204,5989,5782,5580,5386,5192,4997,4801,4607,4416,4219,4011,3797,3587,3386,3175,2946,2712,2485,2258,2077,1963,1894,1826,1766,1696,1599,1487,1385,1289,1191,1092,991,893,798,707,623,545,471,400,336,280,231,186,146,112,85,65,45,32,26,18,10,6,4,3,3,1,1
2011,23109,22483,21810,21176,20580,20019,19489,18990,18521,18080,17667,17273,16899,16541,16192,15855,15526,15199,14887,14594,14308,14017,13729,13403,13023,12603,12186,11772,11334,10868,10386,9910,9433,8996,8621,8291,7965,7652,7358,7087,6834,6593,6365,6146,5932,5723,5522,5326,5132,4935,4738,4544,4351,4154,3945,3730,3520,3319,3107,2879,2646,2420,2194,2013,1898,1826,1756,1695,1622,1525,1411,1309,1211,1114,1016,918,821,729,642,562,489,419,353,294,244,199,159,124,95,72,54,37,27,21,15,9,4,3,3,1,1
2012,23546,22852,22297,21657,21049,20472,19925,19405,18910,18444,18008,17597,17204,16829,16468,16119,15781,15450,15123,14810,14517,14230,13941,13653,13328,12949,12531,12116,11704,11268,10803,10324,9848,9373,8938,8563,8233,7909,7596,7304,7032,6779,6539,6311,6091,5876,5667,5465,5269,5073,4876,4678,4482,4290,4090,3880,3665,3454,3252,3040,2813,2581,2356,2131,1950,1833,1759,1687,1623,1548,1449,1335,1232,1135,1037,940,844,751,660,576,501,432,367,307,253,207,168,132,102,78,59,43,29,21,17,12,6,3,3,1,1
2013,23960,23286,22640,22116,21508,20926,20369,19836,19326,18835,18373,17939,17530,17138,16761,16399,16050,15710,15379,15051,14737,14442,14157,13868,13579,13256,12878,12462,12049,11638,11204,10741,10262,9790,9316,8881,8507,8179,7855,7543,7250,6979,6727,6485,6257,6037,5823,5612,5409,5212,5015,4817,4618,4421,4227,4027,3817,3600,3390,3186,2974,2747,2516,2292,2069,1888,1770,1693,1617,1552,1476,1375,1260,1156,1058,961,865,771,680,592,511,440,375,315,260,211,170,136,106,80,62,47,32,22,16,13,9,4,3,1,1
2014,24319,23682,23062,22461,21938,21363,20807,20268,19750,19248,18763,18303,17872,17466,17074,16696,16332,15981,15643,15310,14979,14664,14370,14085,13796,13509,13186,12809,12395,11983,11574,11142,10680,10203,9731,9258,8825,8453,8125,7802,7490,7198,6928,6674,6433,6205,5984,5768,5558,5354,5156,4958,4759,4559,4361,4166,3965,3754,3536,3324,3120,2907,2682,2451,2229,2005.9999999999998,1826,1706,1627,1549,1481,1403,1301,1185,1080,982,885,790,698,609,524,447,379,319,264,213,169,134,106,78,58,45,34,22,14,10,9,6,3,1,1
2015,24603,24021,23445,22876,22314,21762,21219,20689,20170,19665,19172,18692,18234,17808,17404,17012,16632,16267,15916,15576,15243,14910,14594,14299,14015,13727,13439,13117,12741,12328,11918,11511,11080,10620,10145,9674,9202,8771,8399,8071.999999999999,7750,7438,7146,6876,6622,6382,6153,5932,5716,5504,5299,5100,4901,4702,4500,4301,4106,3904,3691,3473,3260,3055,2843,2616,2387,2166,1945,1763,1642,1560,1480,1410,1330,1226,1110,1004,906,808,715,625,539,456,382,318,263,213,166,127,97,74,51,37,29,21,12,7,5,4,3,1,1
2016,24776,24416,23867,23316,22766,22217,21674,21134,20606,20091,19590,19098,18615,18157,17730,17326,16933,16553,16186,15835,15496,15163,14831,14515,14222,13938,13652,13365,13044,12670,12257,11849,11442,11012,10553,10079,9610,9139,8709,8338,8010.999999999999,7689,7377,7085,6814,6560,6319,6089,5867,5650,5437,5231,5030,4830,4628,4425,4225,4027,3824,3611,3391,3178,2972,2758,2534,2307,2086,1867,1687,1565,1480,1399,1327,1246,1144,1029,925,829,735,645,560,480,403,335,277,227,181,141,109,83,61,43,30,24,17,9,5,4,3,1,1
2017,24880,24478,24240,23722,23197,22664,22130,21594,21059,20532,20020,19522,19031,18547,18088,17659,17256,16862,16479,16111.999999999998,15761,15423,15089,14758,14443,14150,13868,13582,13296,12976,12603,12191,11784,11378,10949,10491,10018,9550,9081,8650,8280,7953,7631,7319,7028,6756,6501,6259,6028,5805,5586,5371,5164,4962,4761,4557,4352,4150,3951,3746,3532,3311,3097,2889,2676,2452,2226,2008,1790,1611,1488,1402,1318,1244,1163,1062,948,846,752,661,577,497,421,350,288,235,191,151,117,90,68,50,34,24,19,13,7,4,3,1,1
2018,24952,24649,24301,24069,23584,23082,22569,22047,21519,20987,20463,19954,19459,18968,18483,18022,17593,17189,16794,16409,16041,15690,15352,15020,14688,14374,14082,13801,13515,13231,12912,12539,12129,11722,11316,10889,10432,9959,9492,9024,8594,8224,7897,7575,7263,6971,6699,6443,6200,5968,5744,5524,5308,5099,4895,4692,4487,4280,4075.9999999999995,3875,3669,3453,3231,3016,2807,2594,2371,2146,1930,1715,1536,1412,1323,1238,1162,1081,979,868,768,676,588,507,433,364,297,240,194,156,121,93,71,53,37,24,18,15,10,6,3,1,1
2019,25042,24817,24534,24201,23898,23444,22967,22473,21964,21444,20916,20393,19887,19396,18905,18419,17956,17526,17122,16726,16340,15971,15619,15282,14950,14619,14305,14014,13733,13448,13165,12847,12475,12066,11659,11255,10828,10371,9900,9434,8967,8537,8167.999999999999,7841,7519,7207,6914,6642,6385,6141,5908,5683,5461,5244,5033,4829,4624,4416,4208,4002,3800,3591,3375,3152,2936,2726,2511,2290,2067,1852,1639,1461,1335,1245,1157,1081,998,897,788,690,599,515,439,370,305,244,193,152,120,90,68,53,39,25,16,12,9,6,3,1,1
2020,25189,25000,24754,24455,24110,23724,23303,22850,22374,21879,21367,20841,20321,19818,19329,18840,18352,17888,17458,17054,16657,16268.999999999998,15898,15547,15209,14878,14547,14234,13943,13663,13380,13098,12781,12410,12002,11595,11193,10766,10311,9841,9375,8908,8480,8109.999999999999,7784,7462,7150,6857,6584,6326,6082,5848,5621,5398,5179,4967,4761,4555,4346,4135,3928,3724,3514,3295,3073,2855,2643,2429,2208,1987,1774,1562,1385,1259,1165,1077,999,915,815,708,611,522,441,369,306,246,192,146,111,85,59,43,34,24,13,7,6,4,3,1,1
2021,25413,25100,24888,24632,24332,23996,23626,23230,22795,22322,21819,21304,20777,20256,19752,19263,18772,18283,17818,17387,16984,16587,16200,15830,15479,15143,14812,14482,14170,13880,13600,13317,13035,12718,12347,11938,11532,11129,10703,10248,9778,9312,8846,8417,8048,7720,7397,7085,6791,6516,6257,6010,5774,5546,5321,5100,4886,4677,4468,4257,4043.9999999999995,3834,3629,3417,3196,2973,2754,2543,2328,2109,1891,1681,1473,1300,1174,1081,993,915,834,738,637,545,463,388,322,265,212,163,125,95,72,49,35,28,20,10,6,4,3,1,1
2022,25693,25442,25006,24770,24503,24205,23876,23523,23150,22734,22263,21754,21236,20708,20186,19682,19192,18700,18210,17744,17313,16910,16514,16128,15758,15408,15073,14743,14415,14103,13814,13533,13250,12968,12651,12280,11873,11466,11063,10637,10183,9713,9247,8781,8352,7982,7655,7331,7018,6722,6446,6186,5938,5700,5470,5243,5019,4803,4592,4380,4167,3951,3740,3532,3319,3097,2872,2652,2439,2226,2009,1794,1588,1385,1213,1089,996,909,831,752,661,564,480,402,333,275,223,176,135,104,78,57,39,29,23,15,9,4,3,1,1
2023,26008,25682,25357,24910,24651,24373,24074,23754,23417,23070,22673,22204,21688,21166,20638,20114,19609,19119,18627,18135,17668,17238,16835,16439,16053,15685,15336,15002,14673,14346,14035,13745,13466,13182,12901,12584,12213,11805,11400,10997,10571,10117,9648,9182,8716,8288,7916,7589,7264,6949,6654,6376,6114,5864,5625,5393,5164,4938,4720,4506,4292,4075.9999999999995,3859,3645,3434,3220,2998,2771,2550,2337,2124,1909,1697,1494,1295,1127,1002.9999999999999,911,823,748,671,584,493,414,342,279,226,182,140,106,82,61,43,29,21,17,12,6,3,1,1
2024,26318,25923,25551,25201,24817,24534,24245,23947,23634,23314,22992,22612,22145,21622,21099,20569,20044,19538,19048,18554,18061,17594,17164,16761,16366,15981,15613,15265,14932,14604,14278,13968,13678,13399,13116,12834,12518,12147,11740,11334,10932,10506,10052,9583,9118,8652,8223,7852,7523,7198,6882,6585,6306,6044,5792,5551,5317,5086,4857,4636,4421,4205,3987,3767,3551,3338,3122,2897,2670,2449,2235,2021.9999999999998,1809,1601,1401,1206,1040,918,826,739,665,590,507,422,348,282,225,179,142,105,78,61,45,29,18,14,11,7,4,1,1
2025,26599,26156,25754,25386,25045,24726,24419,24121,23822,23517,23213,22917,22554,22090,21560,21035,20503,19976,19470,18979,18485,17991,17522,17092,16690,16295.000000000002,15910,15543,15196,14863,14536,14211,13903,13613,13334,13051,12769,12453,12083,11675,11270,10868,10442,9988,9519,9055,8589,8160,7788,7458,7133,6816,6518,6238,5973,5720,5478,5242,5008,4778,4555,4337,4119,3897,3675,3456,3243,3024,2798,2570,2348,2133,1921,1711,1505,1308,1116,954,833,741,655,581,509,430,351,282,222,171,131,101,70,49,39,27,15,9,7,6,3,1,1
2026,26830,26446,26030,25648,25295,24964,24650,24345,24047,23750,23448,23144,22846,22482,22017,21486,20959,20426,19899,19392,18903,18408,17915,17448,17018,16617,16224,15841,15474,15127,14796,14469,14144,13835,13545,13266,12982,12700,12382,12011,11603,11198,10794,10367,9912,9443,8979,8512,8082.000000000001,7710,7378,7051,6733,6433,6151,5884,5627,5382,5144,4908,4674,4448,4228,4006,3783,3557,3337,3120,2901,2675,2447,2225,2012,1803,1597,1399,1208,1024,869,753,665,584,514,447,376,304,242,189,146,112,84,58,41,32,23,13,7,6,4,1,1
2027,27034,26582,26297,25907,25546,25207,24887,24578,24275,23977,23682,23382,23078,22779,22412,21947,21415,20887,20352,19824,19317,18828,18336,17843,17376,16947,16548,16155.999999999998,15773,15408,15062,14730,14403,14078,13768,13479,13199,12915,12631,12313,11941,11533,11126,10721,10294,9839,9369,8903,8436,8006,7632,7299,6971,6650,6348,6064,5795,5536,5289,5047,4808,4571,4342,4119,3896,3668,3440,3216,2999,2778,2551,2324,2103,1892,1685,1484,1292,1109,932,784,672,589,513,448,386,322,258,202,156,121,92,67,45,32,26,18,10,6,4,1,1
2028,27223,26793,26399,26150,25787,25446,25123,24812,24509,24207,23910,23617,23319,23014,22714,22346,21879,21347,20817,20281,19751,19245,18756,18265,17772,17306,16879,16480,16088.999999999998,15708,15343,14997,14665,14339,14014,13704,13414,13133,12848,12564,12246,11873,11463,11056,10650,10222,9766,9296,8829,8361,7929,7555,7220,6890,6569,6266,5979,5706,5445,5195,4951,4708,4469,4237,4010,3784,3554,3324,3097,2877,2655,2429,2201,1982,1771,1567,1372,1186,1010,841,699,593,514,442,381,325,267,211,162,124,96,72,51,34,24,19,13,7,4,2,3
2029,27415,27009,26629,26275,26003,25667,25347,25037,24737,24439,24139,23842,23551,23255,22952,22648,22279,21811,21278,20747,20209,19678,19173,18685,18193,17700,17236,16810,16412,16023,15642,15279,14933,14601,14275,13949,13639,13350,13068,12782,12497,12177,11804,11393,10985,10579,10150,9693,9223,8755,8286,7854,7477,7142,6810,6487,6182,5893,5618,5355,5102,4855,4609,4366,4132,3903,3673,3440,3206,2978,2756,2532,2306,2079,1860,1651,1450,1260,1080,911,749,614,513,438,371,315,264,212,164,121,90,71,52,34,21,16,13,9,5,2,3
2030,27623,27232,26861,26509,26175,25854,25546,25245,24951,24661,24368,24069,23772,23483,23191,22886,22582,22211,21742,21208,20675,20136,19605,19098,18611,18120,17629,17165,16740,16343,15954,15575,15214,14868,14536,14209,13885,13575,13284,13002,12714,12429,12108,11735,11323,10915,10507,10077,9620,9149,8680,8211,7777,7400,7063,6729,6405,6097,5806,5529,5264,5008,4758,4509,4264,4025.0000000000005,3794,3561,3326,3089,2858,2634,2410,2182,1957,1738,1530,1332,1146,974,811,657,529,433,362,299,248,203,158,118,81,58,45,32,18,10,8,6,4,2,3
2031,27855,27500,27121,26763,26423,26097,25783,25479,25182,24889,24599,24306,24005,23707,23416,23121,22815,22509,22136,21667,21134,20602,20062,19532,19027,18541,18051,17561,17098,16674,16277.999999999998,15889,15510,15148,14801,14470,14142,13816,13505,13213,12928,12641,12352,12030,11654,11241,10829,10420,9989,9530,9057,8587,8116,7681,7301,6962,6626,6299,5988,5694,5414,5144,4886,4633,4381,4131,3889,3655,3420,3182,2944,2713,2488,2265,2041,1820,1608,1405,1214,1038,877,725,583,464,377,313,256,213,173,135,98,67,48,39,27,15,8,6,4,3,3
2032,28101,27706,27376,27012,26667,26336,26018,25710,25412,25119,24828,24538,24244,23941,23641,23349,23053,22745,22436,22062,21592,21059,20528,19989,19459,18955,18471,17983,17494,17032,16608,16212,15824,15445,15082,14735,14403,14075,13748,13436,13142,12856,12566,12276,11951,11573,11158,10745,10333,9900,9439,8965,8494,8022,7584,7202,6861,6523,6193,5880,5582,5299,5026,4765,4508,4251,3999,3754,3516,3279,3039,2800,2567,2343,2121,1900,1684,1477,1280,1096,930,780,639,509,400,321,263,213,176,143,111,79,53,39,31,21,12,7,4,3,3
2033,28354,27952,27572,27252,26903,26569,26249,25939,25639,25345,25055,24766,24476,24181,23876,23576,23281,22983,22674,22363,21987,21517,20985,20454,19916,19386,18883,18401,17914,17426,16966,16542,16146,15758,15379,15016,14669,14336,14008,13680,13366,13070,12783,12491,12199,11873,11493,11075,10661,10246,9811,9348,8873,8401,7926,7488,7103,6759,6419,6087,5771,5470,5183,4907,4642,4383,4123,3866,3618,3377,3138,2896,2655,2421,2197,1976,1759,1547,1346,1154,978,821,682,553,433,337,265,214,170,140,114,86,60,39,29,23,15,9,4,3,3
2034,28604,28196,27811,27446,27127,26792,26471,26160,25859,25566,25277,24991,24703,24413,24118,23812,23509,23214,22914,22602,22289,21912,21441,20909,20379,19842,19313,18812,18329,17845,17359,16899,16476,16079.999999999998,15692,15313,14950,14603,14268,13940,13611,13296,12999,12710,12416,12123,11793,11412,10992,10575,10159,9721,9258,8781,8307,7832,7391,7005,6658,6315,5981,5662,5358,5069,4789,4521,4257,3994,3733,3482,3238,2996,2752,2510,2276,2051,1832,1617,1410,1215,1028,860,714,585,467,359,272,209,165,128,104,84,63,41,26,18,15,10,6,3,3
2035,28840,28434,28049,27683,27334,27001,26681,26372,26072,25779,25492,25209,24926,24640,24350,24054,23747,23442,23144,22843,22530,22214,21836,21365,20834,20305,19767,19240,18740,18259,17774,17290,16832,16409,16014,15626,15247,14883,14536,14201,13871,13542,13226,12928,12636,12340,12045,11714,11331,10910,10489,10071,9632,9166,8688,8213,7736,7294,6906,6557,6212,5874,5553,5246,4953,4670,4399,4132,3865,3600,3345,3099,2854,2609,2364,2130,1905,1686,1476,1274,1083,903,743,605,487,381,285,208,153,116,85,69,54,39,21,12,9,7,4,3,3
2036,29066,28719,28330,27959,27604,27264,26935,26618,26311,26012,25720,25432,25148,24863,24576,24283,23986,23675,23369,23071,22770,22456,22141,21762,21293,20762,20234,19698,19172,18672,18192,17707,17224,16765,16341.999999999998,15946,15557,15178,14813,14464,14127,13795,13463,13145,12843,12549,12249,11951,11617,11229,10805,10382,9960,9518,9050,8569,8092.000000000001,7613,7168,6776,6425,6075,5736,5410,5101,4802,4516,4241,3971,3702,3435,3178,2931,2686,2442,2202,1972,1751,1540,1339,1149,969,801,653,527,423,326,242,177,131,97,71,56,45,32,18,10,7,5,3,3
2037,29279,28895,28600,28228,27871,27526,27193,26870,26555,26249,25953,25661,25374,25087,24801,24511,24218,23918,23605,23297,22999,22697,22383,22067,21689,21220,20691,20164,19630,19104,18605,18124,17641,17157,16698,16274.999999999998,15879,15490,15108,14742,14391,14053,13719,13385,13064,12760,12462,12160,11857,11520,11129,10701,10275,9849,9404,8933,8450,7971,7489,7042,6648,6292,5940,5597,5269,4954,4652,4362,4083.9999999999995,3810,3539,3270,3011,2762,2518,2276,2039.0000000000002,1813,1598,1393,1201,1022,855,699,563,450,358,272,200,147,108,78,56,45,36,26,14,7,5,3,3
2038,29484,29117,28760,28478,28125,27782,27447,27122,26805,26493,26189,25893,25603,25314,25026,24738,24446,24152,23849,23535,23225,22926,22624,22310,21994,21616,21148,20620,20094,19561,19036,18538,18057,17574,17091,16632,16207.999999999998,15811,15421,15039,14671,14320,13980,13644,13307,12983,12677,12374,12069,11763,11422,11028,10597,10167,9738,9290,8816,8331,7850,7366,6916,6519,6160,5805,5458,5127,4808,4501,4208,3927,3650,3374,3103,2843,2594,2350,2110,1876,1654,1444,1246,1063,897,742,597,473,373,292,218,158,118,86,60,42,34,26,18,10,6,3,3
2039,29684,29333,28989,28651,28357,28020,27690,27368,27050,26737,26428,26125,25831,25542,25253,24964,24674,24381,24085,23780,23464,23151,22851,22549,22235,21919,21542,21074,20548,20023,19490,18967,18469,17990,17506,17023,16564,16140,15743,15351,14969,14601,14246,13905,13566,13229,12902,12592,12287,11977,11668,11324,10926,10492,10059,9627,9174,8700,8212,7728,7242,6790,6389,6027,5668,5319,4984,4662,4351,4054.0000000000005,3769,3490,3211,2938,2676,2426,2182,1943,1713,1496,1290,1099,926,771,628,495,384,296,228,163,115,87,63,41,27,22,17,12,6,3,3
2040,29881,29544,29211,28882,28555,28233,27914,27597,27285,26975,26668,26362,26061,25768,25480,25190,24900,24608,24313,24015,23708,23390,23076,22774,22473,22159,21842,21466,20999,20473,19950,19420,18897,18399,17920,17437,16954,16496,16071.000000000002,15673,15281,14897,14527,14173,13829,13489,13148,12820,12506,12199,11886,11572,11225,10824,10386,9950,9514,9060,8581,8093,7606,7118,6662,6259,5894,5532,5179,4842,4515,4200,3899,3611,3329,3048,2771,2508,2257,2013.9999999999998,1778,1551,1337,1135,951,789,645,513,393,294,218,162,108,73,57,40,23,13,10,8,6,3,3
2041,30085,29779,29452,29127,28805,28486,28169,27854,27543,27231,26921,26613,26305,26003,25708,25418,25127,24834,24540,24245,23945,23639,23319,23006,22706,22404,22090,21774,21398,20932,20406,19883,19351,18830,18331,17852,17368,16884,16423,15998,15598,15204,14818,14445,14087,13740,13396,13052,12719,12400,12088,11769,11452,11098,10693,10250,9809,9369,8909,8428,7936,7445,6955,6496,6090,5720,5354,4999,4657,4328,4011,3708,3418,3136,2857,2584,2324,2077,1841,1614,1399,1197,1008,838,689,559,440,335,251,186,136,90,61,47,34,18,10,8,6,3,3
2042,30287,29966,29676,29358,29042,28727,28414,28104,27795,27486,27176,26865,26557,26247,25944,25647,25355,25061,24767,24471,24174,23876,23568,23249,22935,22634,22334,22020,21705,21329,20863,20338,19814,19283,18761,18262,17782,17297,16813,16351,15924,15522,15126,14737,14362,14001,13651,13303,12955,12618,12294,11977,11653,11330,10972,10561,10113,9668,9222,8759,8274,7778,7285,6791,6330,5920,5545,5176,4818,4473,4141,3822,3516,3226,2943,2665,2396,2140,1897,1667,1451,1247,1058,880,723,589,474,368,276,208,153,110,71,48,38,26,15,9,6,3,3
2043,30479,30165,29854,29571,29262,28955,28648,28342,28037,27733,27428,27119,26808,26498,26188,25882,25584,25291,24995,24698,24400,24102,23803,23497,23176,22863,22562,22262,21949,21635,21259,20793,20268,19744,19214,18691,18192,17712,17227,16740,16277.999999999998,15849,15445,15047,14656,14278,13913,13559,13209,12857,12516,12188,11865,11536,11208,10845,10429,9976,9525,9075,8607,8119,7620,7125,6628,6164,5749,5370,4998,4636,4289,3953,3631,3325,3033,2751,2474,2207,1955,1717,1494,1287,1095,918,753,610,489,389,294,219,166,122,82,52,36,28,20,11,6,3,3
2044,30656,30351,30047,29745,29465,29165,28866,28566,28267,27967,27670,27368,27060,26749,26439,26127,25820,25520,25224,24927,24627,24328,24029,23730,23422,23103,22789,22488,22189,21876,21563,21187,20722,20197,19674,19142,18620,18121,17640,17154,16668,16203,15773,15367,14967,14574,14193,13826,13468,13113,12759,12413,12080,11752,11419,11085,10716,10296,9839,9383,8928,8456,7963,7462,6963,6464,5996,5578,5195,4820,4454,4104,3766,3442,3133,2840,2558,2283,2019.0000000000002,1770,1537,1321,1123,944,778,626,495,389,304,222,161,124,89,56,34,24,18,13,6,3,3
2045,30814,30521,30228,29937,29646,29355,29065,28775,28483,28190,27897,27605,27307,27000,26689,26377,26064,25755,25454,25157,24857,24555,24254,23955,23656,23347,23027,22714,22414,22115,21803,21489,21115,20650,20125,19601,19071,18548,18049,17567,17081,16593,16128,15696,15289,14886,14491,14107,13737,13376,13018,12659,12309,11972,11639,11300,10962,10589,10162,9701,9240,8780,8303,7808,7303,6801,6300,5829,5407,5020,4640,4273,3920,3578,3251,2940,2647,2365,2092,1830,1586,1358,1148,959,791,638,499,382,290,219,148,103,81,57,30,15,12,9,6,3,3
2046,30960,30716,30433,30151,29867,29582,29296,29010,28721,28430,28138,27844,27550,27250,26943,26630,26316,26001,25689,25388,25090,24790,24487,24186,23887,23588,23281,22961,22647,22347,22047,21735,21421,21045,20579,20054,19530,18997,18473,17972,17488,16999,16510,16041,15607,15196,14789,14390,14001,13626,13261,12897,12532,12177,11832,11492,11146,10800,10420,9987,9518,9052,8585,8103,7603,7094,6589,6084,5612,5187,4798,4417,4049.0000000000005,3697,3358,3034,2728,2439,2165,1902,1653,1422,1207,1012,840,688,549,426,326,247,183,123,86,68,48,24,13,10,6,3,3
2047,31088,30830,30616,30345,30071,29795,29517,29236,28953,28666,28378,28085,27790,27495,27194,26884,26569,26254,25936,25623,25320,25022,24722,24419,24118,23819,23520,23213,22894,22580,22280,21979,21666,21351,20975,20509,19982,19457,18924,18398,17895,17409,16918,16425,15956,15517,15102,14692,14288,13895,13515,13144,12775,12405,12043,11692,11345,10992,10639,10250,9811,9335,8862,8390,7901,7397,6885,6377,5869,5395,4967,4576,4194,3826,3474,3138,2817,2514,2232,1964,1712,1476,1258,1056,876,719,584,458,353,271,204,148,97,68,54,38,20,10,7,3,3
2048,31198,30962,30719,30514,30254,29990,29722,29450,29174,28894,28610,28322,28029,27735,27438,27135,26824,26507,26190,25869,25555,25250,24953,24652,24349,24048,23749,23450,23143,22825,22511,22210,21909,21596,21280,20903,20436,19909,19383,18849,18321,17816,17329,16836,16341.000000000002,15867,15425,15007,14594,14185,13789,13403,13027,12653,12277,11910,11551,11196,10836,10476,10081,9634,9152,8673,8194,7700,7191,6675,6164,5654,5177,4747,4354,3971,3602,3250,2916,2599,2302,2023.0000000000002,1764,1522,1299,1094,905,739,599,480,369,280,216,161,112,72,51,40,28,15,7,3,4
2049,31291,31076,30854,30623,30411,30162,29907,29647,29381,29109,28833,28551,28265,27972,27676,27379,27074,26761,26443,26123,25801,25485,25180,24882,24581,24277,23976,23677,23379,23073,22754,22441,22140,21839,21524,21208,20830,20362,19835,19307,18771,18243,17737,17247,16752,16254.000000000002,15778,15333,14912,14494,14082,13681,13290,12910,12530,12149,11774,11410,11047,10680,10312,9910,9457,8968,8482,7997,7499,6985,6464,5951,5438,4959,4526,4131,3747,3377,3027,2695,2382,2088,1815,1563,1332,1121,930,754,603,478,377,279,207,162,118,76,46,35,27,18,9,4,4
2050,31370,31174,30970,30756,30534,30304,30066,29821,29568,29309,29043,28770,28490,28204,27913,27616,27316,27010,26696,26376,26054,25730,25412,25106,24808,24507,24203,23901,23604,23306,23000,22681,22368,22067,21765,21450,21133,20755,20286,19758,19230,18692,18163,17655,17164,16667,16166,15687,15239,14815,14393,13977,13571,13176,12790,12405,12019,11639,11267,10898,10523,10148,9739,9279,8783,8291,7800,7296,6777,6254,5736,5222,4740,4305,3909,3522,3153,2804,2474,2163,1875,1607,1362,1141,944,764,603,466,358,273,189,134,107,75,41,21,17,13,9,4,4
2051,31446,31288,31096,30897,30688,30472,30247,30014,29773,29520,29260,28992,28719,28438,28150,27856,27558,27256,26948,26632,26312,25991,25666,25348,25042,24744,24443,24139,23838,23539,23241,22934,22615,22301,21998,21694,21378,21059,20678,20207,19676,19145,18605,18073,17562,17066,16564,16059.999999999998,15577,15123,14692,14265,13843,13431,13030,12635,12243,11848,11460,11079,10699,10315,9930,9512,9043,8539,8038,7540,7030,6509,5985,5467,4954,4474,4043,3651,3271,2909,2569,2251,1956,1683,1430,1202,999,821,658,515,399,305,228,157,112,88,63,33,19,14,9,4,4
2052,31507,31345,31202,31016,30822,30619,30408,30188,29961,29722,29471,29209,28941,28665,28383,28093,27798,27497,27193,26884,26568,26247,25925,25599,25281,24976,24678,24377,24074,23772,23473,23175,22867,22546,22232,21927,21622,21304,20983,20600,20127,19594,19059,18517,17980,17466,16966,16461,15952,15463,15006,14570,14137,13708,13290,12881,12480,12079,11677,11280,10890,10500,10106,9712,9285,8806,8293,7785,7280,6765,6240,5715,5197,4685,4208,3781,3394,3020,2665,2334,2029,1749,1490,1253,1042,858,698,551,428,332,252,184,125,90,71,50,27,15,10,4,4
2053,31563,31414,31255,31114,30933,30745,30547,30341,30126,29904,29669,29419,29156,28886,28610,28326,28035,27737,27435,27129,26817,26500,26179,25857,25531,25213,24907,24611,24310,24006,23705,23406,23106,22798,22477,22160,21856,21549,21229,20905,20520,20044,19508,18972,18426,17886,17369,16866,16356.000000000002,15843,15351,14887,14445,14007,13573,13148,12732,12323,11915,11505,11099,10700,10300,9896,9493,9056,8569,8047.000000000001,7531,7019,6498,5971,5445,4928,4417,3943,3518,3136,2769,2421,2099,1807,1540,1297,1076,882,716,574,443,340,265,199,140,92,67,53,37,19,10,4,5
2054,31622,31479,31330,31173,31023,30848,30664,30471,30270,30061,29845,29613,29364,29100,28830,28552,28266,27973,27674,27370,27061,26747,26430,26109,25786,25461,25142,24837,24540,24240,23937,23636,23336,23035,22727,22405,22087,21781,21472,21151,20825,20438,19960,19422,18883,18334,17791,17270,16763,16248.999999999998,15732,15235,14767,14320,13876,13436,13004,12581,12166,11750,11332,10918,10509,10099,9685,9272,8826,8330,7801,7277,6757,6232,5701,5174,4657,4148,3676,3256,2878,2516,2176,1864,1584,1333,1105,899,722,574,451,337,252,198,146,95,60,45,35,24,12,5,5
2055,31691,31548,31402,31250,31093,30929,30759,30581,30393,30197,29994,29782,29554,29306,29041,28770,28491,28204,27909,27608,27301,26991,26676,26358,26036,25713,25387,25068,24764,24467,24167,23865,23563,23264,22963,22653,22330,22012,21704,21394,21071,20744,20354,19874,19334,18792,18240,17694,17170,16660,16142,15620,15119,14645,14193,13743,13297,12859,12430,12006,11583,11158,10736,10317,9897,9474,9052,8596,8090.999999999999,7553,7021,6494,5964,5431,4903,4385,3878,3409,2993,2620,2264,1931,1629,1361,1125,912,721,561,432,329,230,165,131,93,51,28,23,17,11,5,5
2056,31795,31621,31480,31335,31187,31033,30875,30711,30537,30351,30153,29947,29734,29506,29255,28989,28715,28434,28145,27849,27548,27241,26930,26615,26296,25975,25652,25327,25008,24703,24405,24105,23802,23499,23197,22895,22583,22258,21937,21626,21313,20985,20654,20260,19776,19230,18683,18127,17576,17046,16530,16006,15478,14969,14489,14029,13571,13116,12669,12230,11795,11362,10927,10494,10062,9629,9192,8759,8293,7780,7235,6698,6168,5636,5108,4588,4080,3583,3127,2727,2371,2033.9999999999998,1721,1440,1193,979,785,618,481,368,275,190,137,109,78,42,23,18,12,6,5
2057,31909,31738,31548,31406,31264,31119,30970,30817,30660,30490,30304,30104,29898,29684,29452,29200,28933,28656,28373,28082,27786,27484,27176,26865,26550,26231,25911,25588,25262,24944,24638,24340,24039,23735,23431,23128,22823,22510,22183,21859,21545,21228,20896,20561,20163,19675,19125,18573,18011,17454,16919,16398,15868,15334,14818,14330,13863,13396,12933,12477,12028,11583,11140,10695,10250,9806,9359,8910,8465,7989,7468,6916,6375,5841,5309,4784,4272,3773,3287,2844,2459,2122,1804,1510,1250,1025,833,658,513,400,305,222,152,110,87,62,33,19,13,6,5
2058,32024,31832,31652,31471,31329,31189,31048,30903,30756,30604,30439,30254,30053,29845,29629,29396,29143,28873,28595,28309,28016,27719,27417,27110,26797,26483,26164,25844,25521,25196,24878,24571,24273,23970,23665,23360,23056,22750,22434,22105,21779,21462,21140,20806,20466,20064,19571,19017,18460,17894,17332,16791,16264,15728,15188,14664,14170,13695,13220,12749,12284,11825,11370,10915,10461,10005,9549,9089,8627,8170,7684,7154,6597,6050,5512,4981,4461,3956,3466,2991,2561,2193,1873,1574,1300,1060,858,687,531,410,320,241,169,112,82,65,45,24,13,6,7
2059,32116.999999999996,31912,31724,31552,31390,31249,31112,30974,30834,30691,30546,30385,30201,29998,29788,29571,29337,29082,28810,28530,28242,27947,27649,27348,27039,26728,26412,26094,25774,25451,25126,24809,24502,24203,23899,23593,23288,22981,22674,22356,22025,21697,21376,21051,20713,20369,19962,19466,18907,18346,17775,17207,16661,16128,15587,15040,14510,14008,13525,13042,12563,12089,11621,11156,10691,10226,9760,9290,8817,8343,7875,7378,6839,6277,5725,5184,4651,4136,3639,3158,2694,2278,1925,1624,1344,1088,870,690,541,404,305,240,178,116,73,55,43,30,16,6,7
2060,32177,31971,31785,31613,31455,31307,31167,31031,30897,30761,30625,30486,30329,30146,29941,29730,29513,29277,29020,28746,28464,28173,27877,27578,27275,26968,26656,26340,26022,25702,25380,25056,24737,24431,24131,23827,23520,23213,22905,22596,22277,21944,21613,21289,20961,20618,20270,19860,19359,18796,18231,17654,17082,16530,15992,15444,14891,14355,13846,13355,12864,12376,11894,11415,10940,10465,9990,9513,9032,8545,8058,7579,7072,6525,5956,5400,4854,4323,3810,3322,2852,2398,1994,1657,1374,1114,877,679,521,396,278,200,160,114,62,34,28,21,14,7,7
2061,32210,32087.000000000004,31899,31725,31562,31409,31263,31121,30984,30849,30715,30578,30438,30280,30095,29887,29675,29455,29217,28959,28684,28402,28112,27815,27516,27214,26906,26594,26279,25960,25640,25317,24991,24672,24363,24062,23756,23447,23137,22827,22513,22190,21852,21517,21187,20853,20504,20150,19733,19224,18655,18083,17498,16919,16359.000000000002,15813,15257,14694,14148,13630,13128,12626,12127,11632,11141,10651,10164,9677,9187,8692,8193,7696,7207,6695,6148,5581,5030,4491,3971,3478,3013,2567,2140,1764,1454,1197,960,752,584,445,332,230,167,133,94,52,29,23,15,7,7
2062,32208,32048,31996,31826,31663,31510,31362,31217,31073,30934,30801,30668,30531,30389,30230,30042,29833,29618,29396,29156,28897,28623,28340,28048,27752,27453,27151,26844,26532,26216,25897,25576,25253,24926,24605,24296,23992,23685,23373,23060,22747,22429,22102,21760,21419,21084,20745,20389,20028,19604,19089,18514,17934,17342,16755,16187.000000000002,15632,15068,14497,13942,13413,12900,12387,11877,11371,10866,10363,9862,9362,8860,8352,7840,7333,6834,6317,5769,5205,4660,4127,3619,3145,2705,2283,1882,1533,1250,1020,806,626,487,369,269,183,134,106,75,41,23,16,7,8
2063,32189.999999999996,32066.000000000004,31943,31903,31750,31601,31455,31312,31170,31024,30883,30750,30619,30482,30339,30177,29989,29777,29561,29335,29094,28834,28559,28275,27984,27687,27388,27086,26779,26467,26152,25833,25510,25187,24858,24537,24226,23921,23611,23297,22982,22665,22344,22013,21667,21320,20980,20634,20273,19905,19474,18953,18370,17784,17185,16590,16014,15452,14879,14298,13735,13195,12672,12148,11627,11108,10590,10073,9559,9048,8532,8012,7487,6969,6462,5939,5389,4830,4288,3762,3267,2813,2396,2000,1624,1302,1047,843,652,501,390,293,205,136,101,80,57,30,17,7,8
2064,32179.000000000004,32084.000000000004,31982,31875,31805,31670,31534,31397,31259,31118,30970,30829,30696,30566,30429,30284,30121,29930,29717,29498,29271,29028,28767,28492,28208,27915,27619,27320,27019,26711,26400,26085,25765,25443,25118,24789,24466,24153,23847,23535,23218,22900,22580,22256,21921,21570,21220,20874,20522,20154,19780,19342,18814,18225,17632,17025,16423,15840,15269,14687,14099,13525,12975,12441,11907,11375,10845,10313,9783,9255,8731,8204,7670,7134,6604,6088,5560,5010,4453,3917,3398,2914,2479,2087,1716,1366,1071,843,666,498,375,294,217,141,90,68,53,37,19,8,9
2065,32189,32107.999999999996,32018,31920,31816,31704,31586,31464,31335,31202,31062,30913,30770,30637,30509,30371,30226,30061,29868,29654,29433,29203,28959,28696,28421,28137,27844,27546,27248,26948,26640,26329,26014,25694,25371,25045,24715,24391,24077,23769,23456,23137,22816,22493,22165,21825,21471,21115,20764,20406,20032,19652,19208,18673,18078,17477,16864,16254.000000000002,15663,15084,14494,13897,13314,12754,12209,11664,11121,10579,10035,9491,8950,8413,7874,7328,6778,6239,5715,5180,4630,4077,3546,3033,2562,2145,1776,1431,1108,840,639,489,345,248,198,141,78,43,35,27,18,8,9
2066,32249.000000000004,32134,32049,31960,31864,31762,31656,31545,31426,31298,31163,31022,30871,30726,30592,30462,30321,30174,30006,29813,29598,29376,29146,28901,28639,28364,28079,27787,27489,27190,26889,26581,26269,25952,25631,25306,24978,24645,24319,24002,23689,23371,23049,22722,22393,22059,21713,21351,20989,20629,20262,19878,19488,19034,18491,17885,17274,16651,16030.999999999998,15428,14837,14236,13627,13032,12457,11898,11338,10782,10226,9669,9110,8558,8012,7465,6913,6360,5820,5295,4769,4235,3705,3199,2712,2270,1885,1552,1236,950,722,547,411,286,208,165,117,64,37,28,18,8,9
2067,32329,32223,32073.999999999996,31986,31896,31803,31705,31603,31498,31383,31256,31118,30975,30824,30678,30541,30410,30266,30117,29948,29753,29538,29316,29085,28839,28577,28302,28018,27725,27428,27129,26826,26517,26204,25886,25563,25236,24906,24572,24243,23922,23606,23283,22956,22625,22290,21949,21597,21229,20857,20490,20114,19721,19321,18857,18305,17689,17069,16436,15804,15191,14589,13975,13356,12747,12159,11584,11012,10441,9871,9300,8729,8164.999999999999,7610,7054,6496,5941,5399,4876,4357,3840,3333,2851,2390,1976,1626,1328,1040,792,605,455,333,228,167,132,94,51,29,20,9,10
2068,32412.999999999996,32281.999999999996,32158,32009,31919,31830,31738,31643,31545,31447,31337,31210,31070,30926,30773,30624,30487,30353,30209,30056,29885,29690,29474,29251,29020,28773,28511,28237,27952,27660,27363,27063,26760,26450,26136,25817,25493,25164,24833,24495,24163,23839,23520,23193,22861,22525,22184,21837,21479,21103,20725,20348,19964,19562,19152,18678,18116,17491,16862,16218,15576,14951,14338,13713,13082,12461,11859,11270,10682,10099,9516,8931,8346,7771,7206,6643,6079,5519,4978,4455,3944,3443,2960,2503,2067,1683,1366,1102,845,632,487,362,254,170,126,100,70,38,21,10,11
2069,32475,32326,32189.999999999996,32066.000000000004,31942,31850,31760,31669,31577,31485,31394,31288,31161,31019,30873,30719,30570,30430,30294,30148,29992,29820,29623,29408,29183,28952,28705,28443,28168,27885,27593,27296,26994,26691,26381,26065,25745,25419,25089,24756,24417,24081,23754,23431,23100,22763,22422,22076,21723,21358,20975,20589,20205,19811,19401,18981,18498,17926,17293,16653,15999,15346,14711,14086,13450,12807,12174,11558,10954,10352,9756,9160,8560,7963,7377,6802,6231,5661,5099,4556,4034,3531,3046,2587,2155,1745,1390,1106,878,650,474,369,271,176,112,85,67,46,24,10,12
2070,32499.000000000004,32347,32210,32088,31975,31873,31778,31686,31598,31509,31422,31337,31236,31110,30966,30819,30663,30512,30371,30233,30083,29926,29753,29554,29339,29114,28882,28635,28373,28099,27815,27523,27226,26925,26621,26309,25993,25671,25344,25013,24678,24336,23998,23668,23341,23005,22664,22318,21966,21608,21236,20846,20453,20060,19658,19238,18809,18317,17735,17092,16442,15778,15115,14469,13834,13186,12531,11886,11256,10638,10022,9412,8802,8189.999999999999,7579,6982,6397,5819,5243,4678,4134,3613,3117,2651,2215,1806,1423,1098,846,653,453,316,251,179,98,54,44,33,22,11,12
2071,32491,32418,32283,32159,32043.999999999996,31936,31834,31736,31642,31554,31468,31381,31294,31192,31063,30918,30768,30610,30457,30315,30177,30027,29868,29694,29496,29280,29056,28823,28577,28314,28038,27754,27461,27162,26860,26553,26240,25922,25597,25266,24931,24591,24246,23902,23566,23232,22890,22542,22187,21828,21459,21078,20678,20274,19869,19454,19021,18579,18072,17478,16822,16158.999999999998,15480,14804,14142,13491,12828,12159,11499,10854,10222,9594,8973,8355,7736,7121,6521,5937,5365,4803,4257,3734,3235,2768,2335,1939,1564,1222,945,725,549,377,264,209,149,81,47,36,23,11,12
2072,32444.000000000004,32342,32336,32218.000000000004,32106,31999,31896,31794,31693,31598,31510,31424,31337,31250,31146,31015,30867,30716,30556,30401,30257,30119,29968,29810,29635,29437,29220,28997,28764,28517,28254,27977,27692,27397,27097,26793,26485,26170,25849,25521,25188,24849,24504,24154,23805,23463,23123,22775,22418,22056,21687,21310,20919,20509,20094,19677,19250,18804,18347,17827,17219,16550,15874,15182,14491,13814,13146,12469,11785,11111,10452,9805,9165,8534,7906,7281,6662,6061,5478,4912,4364,3836,3334,2857,2417,2020,1664,1320,1020,792,604,444,300,213,168,119,64,37,25,12,13
2073,32372,32310.000000000004,32244,32250.999999999996,32151.000000000004,32051.000000000004,31951,31853,31752,31648,31550,31462,31379,31291,31203,31096,30965,30815,30662,30500,30343,30198,30058,29908,29749,29573,29375,29158,28935,28703,28456,28192,27915,27628,27332,27031,26725,26416,26098,25774,25444,25107,24764,24415,24060,23706,23358,23012,22656,22293,21923,21546,21160,20758,20338,19913,19484,19043,18585,18115,17582,16960,16277.999999999998,15587,14883,14177,13485,12801,12108,11411,10722,10049,9389,8735,8093,7457,6825,6202,5600,5018,4458,3923,3415,2934,2479,2068,1706,1388,1078,819,640,482,340,224,161,127,90,47,27,12,14
2074,32287.999999999996,32264.000000000004,32229,32182.000000000004,32162.999999999996,32080,31993,31901,31806,31706,31599,31499,31412,31330,31242,31152,31045,30911,30759,30605,30440,30282,30136,29996,29844,29684,29508,29310,29093,28870,28637,28390,28126,27848,27561,27264,26961,26655,26342,26023,25698,25364,25024,24677,24324,23964,23605,23251,22899,22537,22166,21787,21401,21006,20596,20166,19729,19289,18836,18363,17880,17334,16699,16003,15300,14581,13862,13155,12456,11747,11036,10333,9644,8970,8304,7652,7008,6369,5742,5138,4557,4003.9999999999995,3482,2994,2534,2100,1717,1390,1113,834,618,487,360,236,148,111,86,60,31,13,14
2075,32205,32209.000000000004,32195.999999999996,32168.999999999996,32125.999999999996,32070.999999999996,32006,31930,31846,31756,31657,31546,31445,31357,31277,31189,31098,30990,30854,30701,30542,30376,30215,30069,29929,29777,29615,29439,29241,29025,28801,28569,28321,28057,27778,27490,27192,26888,26580,26267,25946,25617,25281,24937,24586,24230,23865,23501,23141,22782,22414,22035,21649,21255,20851,20431,19991,19543,19091,18626,18140,17644,17083,16436,15726,15009,14278,13545,12823,12108,11385,10659,9941,9240,8550,7873,7211,6558,5913,5282,4676,4096,3549,3042,2572,2132,1722,1366,1074,837,592,417,334,239,131,71,59,45,30,14,15
2076,32143,32156,32158,32146,32118.000000000004,32079,32029.000000000004,31967,31896,31811,31719,31618,31507,31404,31315,31233,31143,31049,30939,30802,30649,30490,30323,30162,30016,29874,29722,29562,29385,29186,28969,28744,28510,28262,27995,27714,27425,27124,26816,26505,26188,25862,25529,25188,24838,24481,24116,23744,23371,23004,22635,22256,21867,21469,21063,20645,20211,19757,19294,18826,18341,17838,17323,16745,16078,15350,14615,13867,13117,12378,11648,10913,10175,9449,8739,8045.999999999999,7366,6704,6057,5426,4816,4232,3675,3158,2686,2257,1850,1484,1178,922,704,492,349,280,200,109,63,48,32,15,16
2077,32081.000000000004,32107,32103,32104,32091,32066.000000000004,32028,31981,31925,31856,31773,31679,31576,31465,31360,31269,31185,31093,30998,30885,30748,30593,30434,30267,30105,29957,29817,29665,29504,29327,29127,28910,28683,28449,28198,27930,27648,27355,27053,26742,26427,26106,25776,25437,25090,24734,24371,24000,23620,23239,22863,22484,22096,21695,21286,20868,20437,19989,19521,19043,18557,18056,17534,17001,16404,15719,14973,14220,13454,12687,11933,11187,10438,9690,8954,8238,7540,6858,6197,5557,4940,4349,3787,3255,2766,2330,1941,1568,1244,990,768,572,394,282,225,160,86,51,34,16,17
2078,32019,32043.999999999996,32055.999999999996,32048,32045,32031.999999999996,32009,31973,31930,31879,31814,31731,31635,31531,31419,31312,31220,31134,31040,30942,30828,30690,30535,30375,30206,30045,29898,29756,29603,29443,29266,29065,28847,28620,28384,28131,27862,27578,27284,26978,26665,26347,26021,25687,25343,24991,24629,24259,23881,23494,23105,22719,22332,21933,21522,21101,20670,20226,19765,19283,18790,18287,17767,17228,16678,16062.000000000002,15358,14593,13822,13039,12256,11486,10725,9963,9203,8460,7735,7033,6349,5689,5056,4453,3882,3342,2833,2373,1973,1624,1285,1004.9999999999999,802,614,439,295,215,171,120,64,36,17,19
2079,31955,31975,31989,31994,31989,31984,31970,31949,31916,31877,31831,31769,31686,31588,31484,31370,31261,31167,31079,30984,30883,30768,30628,30473,30312,30143,29981,29833,29693,29540,29379,29202,29000,28781,28553,28316,28063,27792,27506,27209,26901,26585,26262,25933,25594,25246,24888,24521,24146,23761,23365,22968,22574,22177,21767,21346,20914,20471,20014,19539,19043,18534,18015,17478,16921,16351,15718,14995,14212,13424,12623,11823,11037,10262,9487,8717,7963,7233,6526,5840,5180,4553,3965,3414,2897,2410,1981,1616,1308,1002,766,614,461,306,195,147,116,81,41,18,20
2080,31886,31902,31915,31923,31927,31927,31920,31906,31885,31855,31819,31779,31720,31638,31538,31432,31317,31207,31112,31023,30924,30822,30704,30563,30407,30247,30078,29914,29767,29626,29473,29313,29135,28933,28713,28484,28245,27990,27718,27430,27131,26821,26502,26177,25843,25500,25147,24784,24411,24028,23637,23234,22829,22426,22020,21601,21168,20725,20269,19800,19312,18802,18277,17741,17186,16610,16024.999999999998,15372,14632,13830,13023,12207,11390,10588,9798,9010,8228,7467,6728,6017,5331,4672,4051,3476,2946,2451,1989,1587,1260,992,719,526,426,307,173,97,79,61,41,19,21
2081,31833,31837,31854,31868,31879,31886,31887,31884,31872,31851,31820,31783,31742,31682,31597,31495,31388,31270,31159,31063,30972,30874,30771,30653,30512,30355,30195,30025,29861,29713,29571,29418,29256,29076,28873,28651,28419,28178,27920,27644,27352,27048,26733,26409,26077,25737,25387,25026,24655,24272,23880,23478,23064,22648,22231,21811,21378,20930,20471,19998,19510,19002,18474,17929,17369,16788,16187.999999999998,15578,14904,14142,13322,12498,11667,10840,10030,9235,8445,7666,6910,6188,5498,4834,4200,3612,3077,2591,2132,1717,1373,1082,837,601,442,356,256,143,84,65,44,21,22
2082,31778,31781,31783,31802,31818,31831,31840,31845,31844,31834,31813,31781,31744,31701,31639,31553,31450,31340,31221,31108,31010,30919,30819,30716,30598,30456,30300,30139,29969,29806,29657,29514,29359,29195,29015,28810,28585,28352,28108,27847,27567,27271,26963,26642,26312,25975,25629,25270,24902,24522,24130,23728,23316,22891,22463,22034,21600,21153,20691,20215,19725,19217,18691,18144,17579,16995,16388,15764,15129,14432,13651,12812,11973,11128,10290,9470,8671,7879,7100,6353,5645,4977,4338,3730,3173,2677,2235,1812,1445,1157,904,681,482,357,287,206,113,69,46,22,24
2083,31715,31714,31717,31726,31746,31764,31780,31792,31799,31801,31792,31772,31739,31700,31656,31594,31506,31401,31288,31167,31052,30954,30863,30763,30658,30539,30398,30242,30081,29910,29747,29597,29454,29298,29132,28950,28743,28517,28281,28035,27771,27488,27187,26874,26550,26214,25870,25517,25152,24775,24388,23987,23576,23152,22716,22275,21834,21388,20925,20448,19956,19448,18923,18378,17812,17225,16618,15987,15338,14679,13960,13158,12302,11446,10587,9737,8910,8106,7312,6535,5795,5103,4456,3841,3258,2733,2276,1879,1492,1173,940,726,525,363,273,219,155,85,49,23,26
2084,31635,31633,31638,31648,31666,31687,31708,31726,31740,31749,31755,31748,31728,31694,31653,31609,31545,31456,31348,31234,31111,30995,30894,30803,30702,30597,30478,30337,30180,30019,29849,29685,29535,29389,29233,29067,28882,28674,28446,28208,27959,27692,27406,27101,26784,26453,26112,25762,25403,25030,24647,24249,23841,23420,22986,22539,22086,21633,21173,20696,20204,19696,19171,18627,18064,17479,16871,16239.999999999998,15583,14910,14228,13486,12664,11789,10918,10046,9184,8349,7540,6745,5969,5236,4560,3934,3343,2786,2293,1875,1522,1171,900,724,548,370,244,189,149,105,55,24,27
2085,31536,31538,31547,31561,31580,31603,31626,31649,31669,31685,31697,31705,31701,31680,31645,31605,31559,31493,31402,31293,31178,31051,30933,30833,30740,30639,30534,30414,30272,30116,29954,29784,29620,29469,29323,29165,28998,28812,28602,28372,28131,27881,27610,27320,27012,26690,26355,26008,25652,25286,24906,24515,24110,23691,23261,22817,22359,21895,21429,20955,20465,19958,19433,18892,18330,17747,17144,16516,15861,15178,14481,13775,13012,12169,11277,10388,9502,8630,7787,6974,6177,5402,4678,4016,3413,2845,2314,1853,1474,1165,851,628,508,371,213,125,104,81,54,26,29
2086,31425,31477,31488,31505,31525,31546,31569,31591,31613,31633,31649,31661,31668,31662,31640,31604,31561,31513,31446,31354,31244,31127,31002,30883,30782,30690,30588,30483,30363,30220,30062,29900,29729,29563,29411,29263,29102,28932,28744,28530,28295,28050,27793,27518,27221,26906,26577,26234,25878,25513,25136,24747,24343,23926,23494,23050,22592,22118,21637,21153,20660,20149,19622,19076,18509,17920,17311,16683,16029,15347,14637,13913,13185,12403,11547,10648,9755,8868,8000.999999999999,7175,6385,5615,4869,4180,3562,3008,2480,2001.9999999999998,1605,1270,985,712,528,427,310,177,109,85,57,28,31
2087,31295,31329,31417,31438,31461,31485,31510,31533,31554,31575,31595,31613,31624,31630,31622,31598,31560,31515,31465,31397,31303,31193,31076,30949,30831,30730,30636,30536,30430,30308,30166,30007,29844,29671,29504,29350,29200,29037,28864,28672,28455,28217,27967,27704,27423,27120,26798,26462,26110,25746,25371,24985,24584,24169,23739,23296,22837,22364,21875,21377,20875,20363,19833,19285,18716,18125,17509,16874,16221,15540,14830,14094,13346,12594,11793,10926,10018,9121,8232,7373,6562,5795,5052,4335,3682,3107,2602,2114,1691,1356,1064,804,573,428,345,250,141,88,59,29,34
2088,31152,31207,31259,31354,31384,31415,31444,31470,31494,31514,31534,31554,31573,31583,31588,31579,31554,31514,31466,31415,31344,31250,31140,31023,30895,30776,30674,30581,30479,30373,30252,30109,29949,29785,29610,29442,29285,29134,28969,28793,28599,28377,28134,27880,27612,27326,27016,26688,26344,25984,25612,25228,24832,24419,23993,23551,23094,22622,22134,21629,21115,20595,20064,19514,18946,18356,17738,17096,16436,15757,15050,14314,13550,12776,12002,11183,10302,9386,8486,7595,6742,5948,5205,4488,3801,3183,2653,2196,1749,1378,1108,859,622,434,329,263,189,106,63,30,36
2089,31007,31080,31147,31208,31287,31328,31364,31398,31428,31453,31471,31490,31510,31529,31539,31543,31533,31505,31464,31415,31361,31289,31193,31083,30965,30836,30716,30615,30523,30420,30314,30192,30049,29889,29723,29548,29377,29219,29065,28898,28720,28522,28297,28050,27791,27518,27226,26910,26574,26223,25856,25475,25081,24675,24252,23814,23360,22890,22405,21902,21382,20852,20313,19764,19194,18606,17993,17351,16682,15996,15292,14560,13794,13004,12206,11409,10572,9678,8754,7849,6958,6113,5334,4616,3925,3266,2684,2198,1790,1383,1065,860,653,441,294,229,182,129,70,31,39
2090,30868,30952,31028,31098,31160,31217,31267,31310,31349,31381,31407,31424,31442,31462,31481,31491,31494,31483,31454,31410,31360,31303,31229,31133,31022,30904,30775,30654,30553,30460,30358,30251,30130,29985,29824,29657,29480,29308,29149,28993,28824,28643,28442,28214,27962,27698,27420,27122,26801,26458,26100,25724,25334,24932,24516,24082,23632,23167,22684,22185,21667,21132,20585,20029,19460,18871,18262,17627,16960,16265.999999999998,15553,14825,14067,13275,12457,11633,10815,9959,9052,8121,7212,6320,5481,4719,4025.0000000000005,3361,2731,2185,1742,1384,1016,753,612,447,260,155,129,100,69,34,41
2091,30755,30830,30911,30988,31058,31122,31181,31234,31280,31319,31349,31374,31391,31407,31425,31443,31451,31452,31438,31409,31365,31313,31257,31183,31087,30975,30856,30727,30606,30505,30410,30307,30200,30076,29929,29766,29598,29418,29243,29080,28920,28746,28559,28353,28118,27860,27588,27302,26995,26663,26311,25941,25554,25151,24735,24305,23855,23390,22906,22405,21885,21348,20792,20221,19640,19041,18424,17789,17126,16430,15705,14965,14212,13431,12618,11780,10943,10112,9255,8361,7454,6572,5710,4908,4195,3555,2937,2368,1898,1503,1172,852,635,514,375,217,135,105,71,35,43
2092,30647,30727,30787,30867,30943,31014,31081,31142,31199,31247,31285,31315,31338,31353,31368,31386,31401,31407,31406,31392,31361,31316,31265,31207,31132,31035,30924,30805,30676,30556,30452,30357,30253,30144,30019,29871,29706,29535,29353,29175,29008,28843,28664,28473,28261,28019,27754,27474,27181,26864,26523,26161,25780,25380,24964,24535,24090,23626,23144,22642,22122,21584,21026,20449,19855,19247,18622,17977,17313,16622,15897,15142,14376,13598,12794,11958,11102,10249,9407,8549,7669,6786,5931,5097,4335,3670,3086,2512,2005,1609,1264,959,688,516,417,303,174,109,74,37,47
2093,30540,30612,30685,30742,30820,30896,30968,31036,31099,31159,31210,31248,31276,31299,31313,31327,31343,31356,31360,31357,31341,31310,31264,31211,31153,31079,30982,30870,30751,30622,30500,30396,30301,30196,30085,29959,29808,29643,29469,29285,29103,28933,28764,28580,28384,28165,27918,27645,27358,27056,26731,26380,26006,25614,25203,24776,24332,23873,23394,22895,22377,21839,21280,20702,20104,19486,18853,18199,17526,16837,16116,15361,14579,13784,12982,12155,11298,10422,9555,8701,7842,6975,6117,5288,4486,3762,3145,2617,2087,1641,1321,1025,746,523,398,320,230,130,78,38,49
2094,30429,30492,30559,30628,30692,30770,30846,30918,30988,31054,31117,31170,31208,31235,31256,31269,31282,31296,31308,31311,31305,31287,31255,31209,31156,31097,31022,30925,30813,30694,30564,30443,30338,30241,30135,30023,29895,29744,29575,29401,29213,29029,28855,28682,28493,28291,28067,27813,27534,27239,26928,26594,26234,25851,25447,25024,24584,24127,23654,23159,22644,22109,21552,20974,20376,19757,19117,18456,17775,17074,16357,15610,14825,14013,13192,12365,11515,10636,9743,8860,7995,7135,6281,5447,4646,3873,3187,2620,2147,1662,1278,1032,785,534,358,279,222,158,87,41,51
2095,30307,30364,30427,30495,30567,30641,30717,30792,30866,30936,31005,31072,31127,31165,31190,31211,31224,31234,31246,31257,31257,31250,31231,31197,31151,31098,31038,30962,30865,30753,30634,30504,30382,30277,30179,30072,29958,29829,29677,29507,29329,29139,28952,28774,28597,28404,28196,27966,27706,27420,27118,26799,26456,26086,25692,25278,24843,24389,23920,23432,22922,22391,21839,21263,20667,20048,19407,18744,18058,17350,16622,15876,15101,14288,13446,12598,11748,10875,9974,9062,8164.999999999999,7288,6428,5586,4777,4003,3260,2613,2093,1677,1237,915,744,546,320,194,162,126,86,43,54
2096,30187,30260,30322,30390,30462,30535,30610,30686,30760,30833,30904,30973,31039,31093,31129,31152,31171,31182,31191,31203,31213,31213,31204,31185,31151,31105,31050,30991,30915,30817,30704,30583,30453,30330,30223,30123,30013,29898,29766,29609,29435,29253,29058,28865,28681,28497,28296,28080,27841,27571,27273,26959,26628,26272,25888,25479,25049,24597,24126,23636,23128,22597,22044,21467,20864,20238,19590,18922,18229,17511,16770,16012,15240,14439,13601,12737,11871,11006,10127,9231,8333,7454,6598,5771,4980,4233,3507,2833,2274,1811,1422,1038,773,627,459,268,169,131,90,45,57
2097,30053,30111,30211,30280,30351,30425,30501,30577,30651,30726,30799,30871,30938,31003,31056,31091,31113,31130,31139,31146,31157,31166,31166,31157,31136,31103,31056,31002,30942,30864,30766,30652,30532,30399,30275,30166,30065,29953,29835,29700,29539,29361,29174,28974,28776,28585,28394,28185,27961,27712,27432,27124,26799,26455,26086,25688,25264,24819,24350,23860,23351,22823,22270,21695,21093,20464,19808,19131,18434,17710,16962,16189,15402,14604,13776,12913,12026,11141,10262,9377,8488,7603,6742,5908,5114,4374,3688,3011,2406,1935,1528,1166,840,630,510,371,214,137,94,47,60
2098,29908,29975,30047,30159,30233,30310,30387,30465,30541,30616,30689,30763,30834,30901,30965,31016,31050,31071,31086,31092,31099,31108,31117,31116,31106,31085,31051,31004,30950,30890,30813,30713,30599,30477,30344,30217,30108,30004,29890,29770,29631,29468,29285,29093,28888,28684,28486,28288,28072,27840,27582,27293,26973,26637,26281,25897,25486,25048,24586,24100,23593,23065,22515,21941,21343,20717,20061,19376,18671,17944,17192,16412,15608,14791,13965,13111,12224,11314,10411,9518,8628,7743,6873,6030,5216,4456,3767,3144,2515,1978,1596,1244,911,641,488,392,284,161,99,50,64
2099,29757,29833,29914,29998,30104,30185,30266,30346,30425,30503,30576,30649,30724,30795,30861,30924,30975,31006,31025,31038,31044,31048,31057,31065,31064,31053,31032,30998,30950,30896,30836,30758,30658,30543,30420,30285,30157,30045,29941,29824,29702,29559,29392,29206,29010,28800,28590,28386,28182,27957,27716,27450,27150,26820,26472,26103,25707,25282,24829,24351,23849,23323,22776,22206,21610,20991,20341,19657,18943,18209,17454,16671,15860,15025,14179,13326,12445,11532,10601,9680,8773,7877,6997,6142,5318,4524,3799,3160,2598,2017,1550,1257,961,656,443,346,276,196,108,52,67
2100,29604,29693,29782,29871,29960,30047,30133,30218,30302,30383,30461,30534,30607,30680,30752,30817,30881,30929,30960,30976,30989,30992,30995,31003,31010,31008,30997,30975,30940,30893,30838,30778,30700,30600,30483,30359,30223,30094,29981,29874,29756,29630,29486,29315,29124,28924,28708,28492,28283,28071,27839,27590,27314,27004,26664,26304,25924,25514,25074,24608,24115,23594,23051,22485,21894,21277,20636,19962,19251,18509,17745,16961,16149,15306,14441,13564,12685,11779,10842,9888,8949,8028.000000000001,7126,6252,5411,4605,3831,3140,2553,2053,1521,1123,918,677,401,245,204,159,109,54,70
